movieId,prefix,title,alt,title year,alt year,title duplicate,alt duplicate
1,-,toy story,-,toy story (1995),-,-,-
6,-,heat,-,heat (1995),-,-,-
16,-,casino,-,casino (1995),-,-,-
17,-,sense and sensibility,-,sense and sensibility (1995),-,-,-
28,-,persuasion,-,persuasion (1995),-,persuasion,-
29,the,city of lost children,"cité des enfants perdus, la",city of lost children(1995),"cité des enfants perdus, la (1995)",-,-
32,-,twelve monkeys,12 monkeys,twelve monkeys (1995),12 monkeys (1995),-,-
36,-,dead man walking,-,dead man walking (1995),-,-,-
41,-,richard iii,-,richard iii (1995),-,-,-
47,-,seven,se7en,seven (1995),se7en (1995),-,-
50,the,usual suspects,-,usual suspects(1995),-,-,-
58,the,postman,"postino, il",postman(1994),"postino, il (1994)",-,-
82,-,antonia's line,antonia,antonia's line (1995),antonia (1995),-,-
97,-,hate,"haine, la",hate (1995),"haine, la (1995)",-,-
110,-,braveheart,-,braveheart (1995),-,-,-
111,-,taxi driver,-,taxi driver (1976),-,-,-
116,-,anne frank remembered,-,anne frank remembered (1995),-,-,-
123,-,chungking express,chung hing sam lam,chungking express (1994),chung hing sam lam (1994),-,-
150,-,apollo 13,-,apollo 13 (1995),-,-,-
162,-,crumb,-,crumb (1994),-,-,-
176,-,living in oblivion,-,living in oblivion (1995),-,-,-
194,-,smoke,-,smoke (1995),-,-,-
213,-,burnt by the sun,utomlyonnye solntsem,burnt by the sun (1994),utomlyonnye solntsem (1994),-,-
214,-,before the rain,pred dozhdot,before the rain (1994),pred dozhdot (1994),-,-
215,-,before sunrise,-,before sunrise (1995),-,-,-
223,-,clerks,-,clerks (1994),-,-,-
232,-,eat drink man woman,yin shi nan nu,eat drink man woman (1994),yin shi nan nu (1994),-,-
246,-,hoop dreams,-,hoop dreams (1994),-,-,-
247,-,heavenly creatures,-,heavenly creatures (1994),-,-,-
260,-,star wars: episode iv - a new hope,-,star wars: episode iv - a new hope (1977),-,-,-
265,-,like water for chocolate,como agua para chocolate,like water for chocolate (1992),como agua para chocolate (1992),-,-
290,-,once were warriors,-,once were warriors (1994),-,-,-
293,-,léon: the professional,the professional,léon: the professional (1994),the professional (1994),-,-
296,-,pulp fiction,-,pulp fiction (1994),-,-,-
306,-,three colors: red,trois couleurs: rouge,three colors: red (1994),trois couleurs: rouge (1994),-,-
307,-,three colors: blue,trois couleurs: bleu,three colors: blue (1993),trois couleurs: bleu (1993),-,-
308,-,three colors: white,trzy kolory: bialy,three colors: white (1994),trzy kolory: bialy (1994),-,-
314,the,secret of roan inish,-,secret of roan inish(1994),-,-,-
318,the,shawshank redemption,-,shawshank redemption(1994),-,-,-
326,-,to live,huozhe,to live (1994),huozhe (1994),-,-
334,-,vanya on 42nd street,-,vanya on 42nd street (1994),-,-,-
356,-,forrest gump,-,forrest gump (1994),-,-,-
363,the,"wonderful, horrible life of leni riefenstahl","macht der bilder: leni riefenstahl, die","wonderful, horrible life of leni riefenstahl(1993)","macht der bilder: leni riefenstahl, die (1993)",-,-
364,the,lion king,-,lion king(1994),-,-,-
428,a,bronx tale,-,bronx tale(1993),-,-,-
446,-,farewell my concubine,ba wang bie ji,farewell my concubine (1993),ba wang bie ji (1993),-,-
456,-,fresh,-,fresh (1994),-,-,-
457,the,fugitive,-,fugitive(1993),-,-,-
475,-,in the name of the father,-,in the name of the father (1993),-,-,-
497,-,much ado about nothing,-,much ado about nothing (1993),-,-,-
501,-,naked,-,naked (1993),-,-,-
508,-,philadelphia,-,philadelphia (1993),-,-,-
515,the,remains of the day,-,remains of the day(1993),-,-,-
527,-,schindler's list,-,schindler's list (1993),-,-,-
529,-,searching for bobby fischer,-,searching for bobby fischer (1993),-,-,-
534,-,shadowlands,-,shadowlands (1993),-,-,-
541,-,blade runner,-,blade runner (1982),-,-,-
549,-,thirty-two short films about glenn gould,-,thirty-two short films about glenn gould (1993),-,-,-
555,-,true romance,-,true romance (1993),-,-,-
556,the,war room,-,war room(1993),-,-,-
581,the,celluloid closet,-,celluloid closet(1995),-,-,-
589,-,terminator 2: judgment day,-,terminator 2: judgment day (1991),-,-,-
593,the,silence of the lambs,-,silence of the lambs(1991),-,-,-
599,the,wild bunch,-,wild bunch(1969),-,-,-
602,a,great day in harlem,-,great day in harlem(1994),-,-,-
608,-,fargo,-,fargo (1996),-,-,-
615,-,bread and chocolate,pane e cioccolata,bread and chocolate (1973),pane e cioccolata (1973),-,-
632,-,land and freedom,tierra y libertad,land and freedom (1995),tierra y libertad (1995),-,-
665,-,underground,-,underground (1995),-,-,-
668,-,song of the little road,pather panchali,song of the little road (1955),pather panchali (1955),-,-
670,the,world of apu,apur sansar,world of apu(1959),apur sansar (1959),-,-
678,-,some folks call it a sling blade,-,some folks call it a sling blade (1993),-,-,-
714,-,dead man,-,dead man (1995),-,-,-
720,-,wallace & gromit: the best of aardman animation,-,wallace & gromit: the best of aardman animation (1996),-,-,-
728,-,cold comfort farm,-,cold comfort farm (1995),-,-,-
741,-,ghost in the shell,kôkaku kidôtai,ghost in the shell (1995),kôkaku kidôtai (1995),-,-
745,-,wallace & gromit: a close shave,-,wallace & gromit: a close shave (1995),-,-,-
750,-,dr. strangelove or: how i learned to stop worrying and love the bomb,-,dr. strangelove or: how i learned to stop worrying and love the bomb (1964),-,-,-
759,-,maya lin: a strong clear vision,-,maya lin: a strong clear vision (1994),-,-,-
778,-,trainspotting,-,trainspotting (1996),-,-,-
800,-,lone star,-,lone star (1996),-,-,-
858,the,godfather,-,godfather(1972),-,-,-
898,the,philadelphia story,-,philadelphia story(1940),-,-,-
899,-,singin' in the rain,-,singin' in the rain (1952),-,-,-
902,-,breakfast at tiffany's,-,breakfast at tiffany's (1961),-,-,-
903,-,vertigo,-,vertigo (1958),-,-,-
904,-,rear window,-,rear window (1954),-,-,-
905,-,it happened one night,-,it happened one night (1934),-,-,-
906,-,gaslight,-,gaslight (1944),-,-,-
907,the,gay divorcee,-,gay divorcee(1934),-,-,-
908,-,north by northwest,-,north by northwest (1959),-,-,-
909,the,apartment,-,apartment(1960),-,-,-
910,-,some like it hot,-,some like it hot (1959),-,-,-
911,-,charade,-,charade (1963),-,-,-
912,-,casablanca,-,casablanca (1942),-,-,-
913,the,maltese falcon,-,maltese falcon(1941),-,maltese falcon,-
914,-,my fair lady,-,my fair lady (1964),-,-,-
915,-,sabrina,-,sabrina (1954),-,-,-
916,-,roman holiday,-,roman holiday (1953),-,-,-
919,the,wizard of oz,-,wizard of oz(1939),-,-,-
920,-,gone with the wind,-,gone with the wind (1939),-,-,-
922,-,sunset blvd.,sunset boulevard,sunset blvd. (1950),sunset boulevard (1950),-,-
923,-,citizen kane,-,citizen kane (1941),-,-,-
924,-,2001: a space odyssey,-,2001: a space odyssey (1968),-,-,-
926,-,all about eve,-,all about eve (1950),-,-,-
927,the,women,-,women(1939),-,-,-
928,-,rebecca,-,rebecca (1940),-,-,-
929,-,foreign correspondent,-,foreign correspondent (1940),-,-,-
930,-,notorious,-,notorious (1946),-,-,-
931,-,spellbound,-,spellbound (1945),-,spellbound,-
932,-,"affair to remember, an",-,"affair to remember, an (1957)",-,-,-
933,-,to catch a thief,-,to catch a thief (1955),-,-,-
936,-,ninotchka,-,ninotchka (1939),-,-,-
940,the,adventures of robin hood,-,adventures of robin hood(1938),-,-,-
942,-,laura,-,laura (1944),-,-,-
943,the,ghost and mrs. muir,-,ghost and mrs. muir(1947),-,-,-
944,-,lost horizon,-,lost horizon (1937),-,-,-
945,-,top hat,-,top hat (1935),-,-,-
946,-,to be or not to be,-,to be or not to be (1942),-,-,-
947,-,my man godfrey,-,my man godfrey (1936),-,my man godfrey,-
949,-,east of eden,-,east of eden (1955),-,-,-
950,the,thin man,-,thin man(1934),-,-,-
951,-,his girl friday,-,his girl friday (1940),-,-,-
953,-,it's a wonderful life,-,it's a wonderful life (1946),-,-,-
954,-,mr. smith goes to washington,-,mr. smith goes to washington (1939),-,-,-
955,-,bringing up baby,-,bringing up baby (1938),-,-,-
965,the,39 steps,-,39 steps(1935),-,-,-
969,the,african queen,-,african queen(1951),-,-,-
971,-,cat on a hot tin roof,-,cat on a hot tin roof (1958),-,-,-
973,-,meet john doe,-,meet john doe (1941),-,-,-
994,-,big night,-,big night (1996),-,-,-
1035,the,sound of music,-,sound of music(1965),-,-,-
1036,-,die hard,-,die hard (1988),-,-,-
1041,-,secrets & lies,-,secrets & lies (1996),-,-,-
1046,-,beautiful thing,-,beautiful thing (1996),-,-,-
1060,-,swingers,-,swingers (1996),-,-,-
1066,-,shall we dance,-,shall we dance (1937),-,-,-
1069,-,"murder, my sweet",-,"murder, my sweet (1944)",-,-,-
1076,the,innocents,-,innocents(1961),-,-,-
1077,-,sleeper,-,sleeper (1973),-,-,-
1079,a,fish called wanda,-,fish called wanda(1988),-,-,-
1080,-,monty python's life of brian,-,monty python's life of brian (1979),-,-,-
1084,-,bonnie and clyde,-,bonnie and clyde (1967),-,-,-
1086,-,dial m for murder,-,dial m for murder (1954),-,-,-
1089,-,reservoir dogs,-,reservoir dogs (1992),-,-,-
1090,-,platoon,-,platoon (1986),-,-,-
1095,-,glengarry glen ross,-,glengarry glen ross (1992),-,-,-
1096,-,sophie's choice,-,sophie's choice (1982),-,-,-
1099,a,christmas carol,-,christmas carol(1938),-,christmas carol,-
1104,a,streetcar named desire,-,streetcar named desire(1951),-,-,-
1111,-,microcosmos,microcosmos: le peuple de l'herbe,microcosmos (1996),microcosmos: le peuple de l'herbe (1996),-,-
1131,-,jean de florette,-,jean de florette (1986),-,-,-
1132,-,manon of the spring,manon des sources,manon of the spring (1986),manon des sources (1986),-,-
1136,-,monty python and the holy grail,-,monty python and the holy grail (1975),-,-,-
1147,-,when we were kings,-,when we were kings (1996),-,-,-
1148,-,wallace & gromit: the wrong trousers,-,wallace & gromit: the wrong trousers (1993),-,-,-
1150,the,return of martin guerre,"retour de martin guerre, le",return of martin guerre(1982),"retour de martin guerre, le (1982)",-,-
1169,-,american dream,-,american dream (1990),-,-,-
1172,-,cinema paradiso,nuovo cinema paradiso,cinema paradiso (1989),nuovo cinema paradiso (1989),-,-
1175,-,delicatessen,-,delicatessen (1991),-,-,-
1176,the,double life of veronique,"double vie de véronique, la",double life of veronique(1991),"double vie de véronique, la (1991)",-,-
1177,-,enchanted april,-,enchanted april (1992),-,-,-
1178,-,paths of glory,-,paths of glory (1957),-,-,-
1185,-,my left foot,-,my left foot (1989),-,-,-
1189,the,thin blue line,-,thin blue line(1988),-,-,-
1192,-,paris is burning,-,paris is burning (1990),-,-,-
1193,-,one flew over the cuckoo's nest,-,one flew over the cuckoo's nest (1975),-,-,-
1196,-,star wars: episode v - the empire strikes back,-,star wars: episode v - the empire strikes back (1980),-,-,-
1197,the,princess bride,-,princess bride(1987),-,-,-
1198,-,raiders of the lost ark,indiana jones and the raiders of the lost ark,raiders of the lost ark (1981),indiana jones and the raiders of the lost ark (1981),-,-
1199,-,brazil,-,brazil (1985),-,-,-
1200,-,aliens,-,aliens (1986),-,-,-
1201,the,"good, the bad and the ugly","buono, il brutto, il cattivo, il","good, the bad and the ugly(1966)","buono, il brutto, il cattivo, il (1966)",-,-
1202,-,withnail & i,-,withnail & i (1987),-,-,-
1203,-,12 angry men,-,12 angry men (1957),-,12 angry men,-
1204,-,lawrence of arabia,-,lawrence of arabia (1962),-,-,-
1206,a,clockwork orange,-,clockwork orange(1971),-,-,-
1207,-,to kill a mockingbird,-,to kill a mockingbird (1962),-,-,-
1208,-,apocalypse now,-,apocalypse now (1979),-,-,-
1209,-,once upon a time in the west,c'era una volta il west,once upon a time in the west (1968),c'era una volta il west (1968),-,-
1210,-,star wars: episode vi - return of the jedi,-,star wars: episode vi - return of the jedi (1983),-,-,-
1211,-,wings of desire,"himmel über berlin, der",wings of desire (1987),"himmel über berlin, der (1987)",-,-
1212,the,third man,-,third man(1949),-,-,-
1213,-,goodfellas,-,goodfellas (1990),-,-,-
1214,-,alien,-,alien (1979),-,-,-
1216,the,big blue,"grand bleu, le",big blue(1988),"grand bleu, le (1988)",-,-
1217,-,ran,-,ran (1985),-,-,-
1218,the,killer,die xue shuang xiong,killer(1989),die xue shuang xiong (1989),-,-
1219,-,psycho,-,psycho (1960),-,-,-
1221,the,godfather: part ii,-,godfather: part ii(1974),-,-,-
1222,-,full metal jacket,-,full metal jacket (1987),-,-,-
1223,a,grand day out with wallace and gromit,-,grand day out with wallace and gromit(1989),-,-,-
1224,-,henry v,-,henry v (1989),-,-,-
1225,-,amadeus,-,amadeus (1984),-,-,-
1226,the,quiet man,-,quiet man(1952),-,-,-
1227,-,once upon a time in america,-,once upon a time in america (1984),-,-,-
1228,-,raging bull,-,raging bull (1980),-,-,-
1230,-,annie hall,-,annie hall (1977),-,-,-
1231,the,right stuff,-,right stuff(1983),-,-,-
1232,-,stalker,-,stalker (1979),-,-,-
1233,-,"boot, das","boat, the","boot, das (1981)","boat, the (1981)",-,-
1234,the,sting,-,sting(1973),-,-,-
1235,-,harold and maude,-,harold and maude (1971),-,-,-
1236,-,trust,-,trust (1990),-,-,-
1237,the,seventh seal,"sjunde inseglet, det",seventh seal(1957),"sjunde inseglet, det (1957)",-,-
1238,-,local hero,-,local hero (1983),-,-,-
1240,the,terminator,-,terminator(1984),-,-,-
1242,-,glory,-,glory (1989),-,-,-
1243,-,rosencrantz and guildenstern are dead,-,rosencrantz and guildenstern are dead (1990),-,-,-
1244,-,manhattan,-,manhattan (1979),-,-,-
1245,-,miller's crossing,-,miller's crossing (1990),-,-,-
1246,-,dead poets society,-,dead poets society (1989),-,-,-
1247,the,graduate,-,graduate(1967),-,-,-
1248,-,touch of evil,-,touch of evil (1958),-,-,-
1249,-,"femme nikita, la",nikita,"femme nikita, la (1990)",nikita (1990),-,-
1250,the,bridge on the river kwai,-,bridge on the river kwai(1957),-,-,-
1251,-,8 1/2,8½,8 1/2 (1963),8½ (1963),-,-
1252,-,chinatown,-,chinatown (1974),-,-,-
1253,the,day the earth stood still,-,day the earth stood still(1951),-,-,-
1254,the,treasure of the sierra madre,-,treasure of the sierra madre(1948),-,-,-
1256,-,duck soup,-,duck soup (1933),-,-,-
1257,-,better off dead...,-,better off dead... (1985),-,-,-
1258,the,shining,-,shining(1980),-,-,-
1259,-,stand by me,-,stand by me (1986),-,-,-
1260,-,m,-,m (1931),-,-,-
1262,the,great escape,-,great escape(1963),-,-,-
1263,the,deer hunter,-,deer hunter(1978),-,-,-
1264,-,diva,-,diva (1981),-,-,-
1265,-,groundhog day,-,groundhog day (1993),-,-,-
1266,-,unforgiven,-,unforgiven (1992),-,unforgiven,-
1267,the,manchurian candidate,-,manchurian candidate(1962),-,-,-
1269,-,arsenic and old lace,-,arsenic and old lace (1944),-,-,-
1270,-,back to the future,-,back to the future (1985),-,-,-
1272,-,patton,-,patton (1970),-,-,-
1273,-,down by law,-,down by law (1986),-,-,-
1274,-,akira,-,akira (1988),-,-,-
1276,-,cool hand luke,-,cool hand luke (1967),-,-,-
1278,-,young frankenstein,-,young frankenstein (1974),-,-,-
1279,-,night on earth,-,night on earth (1991),-,-,-
1280,-,raise the red lantern,da hong deng long gao gao gua,raise the red lantern (1991),da hong deng long gao gao gua (1991),-,-
1281,the,great dictator,-,great dictator(1940),-,-,-
1283,-,high noon,-,high noon (1952),-,-,-
1284,the,big sleep,-,big sleep(1946),-,-,-
1288,-,this is spinal tap,-,this is spinal tap (1984),-,-,-
1289,-,koyaanisqatsi,koyaanisqatsi: life out of balance,koyaanisqatsi (1983),koyaanisqatsi: life out of balance (1983),-,-
1291,-,indiana jones and the last crusade,-,indiana jones and the last crusade (1989),-,-,-
1292,-,being there,-,being there (1979),-,-,-
1293,-,gandhi,-,gandhi (1982),-,-,-
1296,a,room with a view,-,room with a view(1986),-,-,-
1299,the,killing fields,-,killing fields(1984),-,-,-
1300,-,my life as a dog,mitt liv som hund,my life as a dog (1985),mitt liv som hund (1985),-,-
1301,-,forbidden planet,-,forbidden planet (1956),-,-,-
1303,the,man who would be king,-,man who would be king(1975),-,-,-
1304,-,butch cassidy and the sundance kid,-,butch cassidy and the sundance kid (1969),-,-,-
1305,-,"paris, texas",-,"paris, texas (1984)",-,-,-
1307,-,when harry met sally...,-,when harry met sally... (1989),-,-,-
1348,-,nosferatu,"nosferatu, eine symphonie des grauens",nosferatu (1922),"nosferatu, eine symphonie des grauens (1922)",-,-
1354,-,breaking the waves,-,breaking the waves (1996),-,-,-
1357,-,shine,-,shine (1996),-,-,-
1358,-,sling blade,-,sling blade (1996),-,-,-
1361,-,paradise lost: the child murders at robin hood hills,-,paradise lost: the child murders at robin hood hills (1996),-,-,-
1365,-,ridicule,-,ridicule (1996),-,-,-
1394,-,raising arizona,-,raising arizona (1987),-,-,-
1419,-,walkabout,-,walkabout (1971),-,-,-
1423,-,hearts and minds,-,hearts and minds (1996),-,hearts and minds,-
1446,-,kolya,kolja,kolya (1996),kolja (1996),-,-
1449,-,waiting for guffman,-,waiting for guffman (1996),-,-,-
1466,-,donnie brasco,-,donnie brasco (1997),-,-,-
1537,-,shall we dance?,shall we dansu?,shall we dance? (1996),shall we dansu? (1996),-,-
1545,-,ponette,-,ponette (1996),-,-,-
1610,the,hunt for red october,-,hunt for red october(1990),-,-,-
1617,-,l.a. confidential,-,l.a. confidential (1997),-,-,-
1625,the,game,-,game(1997),-,-,-
1643,-,mrs. brown,"her majesty, mrs. brown",mrs. brown (1997),"her majesty, mrs. brown (1997)",-,-
1649,-,"fast, cheap & out of control",-,"fast, cheap & out of control (1997)",-,-,-
1653,-,gattaca,-,gattaca (1997),-,-,-
1674,-,witness,-,witness (1985),-,-,-
1682,the,truman show,-,truman show(1998),-,-,-
1704,-,good will hunting,-,good will hunting (1997),-,-,-
1719,the,sweet hereafter,-,sweet hereafter(1997),-,-,-
1732,the,big lebowski,-,big lebowski(1998),-,-,-
1734,-,my life in pink,ma vie en rose,my life in pink (1997),ma vie en rose (1997),-,-
1757,-,fallen angels,duo luo tian shi,fallen angels (1995),duo luo tian shi (1995),-,-
1797,-,everest,-,everest (1998),-,-,-
1809,-,fireworks,hana-bi,fireworks (1997),hana-bi (1997),-,-
1834,the,spanish prisoner,-,spanish prisoner(1997),-,-,-
1844,-,live flesh,carne trémula,live flesh (1997),carne trémula (1997),-,-
1860,-,character,karakter,character (1997),karakter (1997),-,-
1900,the,children of heaven,bacheha-ye aseman,children of heaven(1997),bacheha-ye aseman (1997),-,-
1914,-,smoke signals,-,smoke signals (1998),-,-,-
1927,-,all quiet on the western front,-,all quiet on the western front (1930),-,-,-
1931,-,mutiny on the bounty,-,mutiny on the bounty (1935),-,-,-
1934,-,you can't take it with you,-,you can't take it with you (1938),-,-,-
1935,-,how green was my valley,-,how green was my valley (1941),-,-,-
1938,the,lost weekend,-,lost weekend(1945),-,-,-
1939,the,best years of our lives,-,best years of our lives(1946),-,-,-
1942,-,all the king's men,-,all the king's men (1949),-,-,-
1944,-,from here to eternity,-,from here to eternity (1953),-,-,-
1945,-,on the waterfront,-,on the waterfront (1954),-,-,-
1946,-,marty,-,marty (1955),-,-,-
1949,a,man for all seasons,-,man for all seasons(1966),-,-,-
1950,-,in the heat of the night,-,in the heat of the night (1967),-,-,-
1952,-,midnight cowboy,-,midnight cowboy (1969),-,-,-
1953,the,french connection,-,french connection(1971),-,-,-
1956,-,ordinary people,-,ordinary people (1980),-,-,-
1960,the,last emperor,-,last emperor(1987),-,-,-
1961,-,rain man,-,rain man (1988),-,-,-
1963,-,take the money and run,-,take the money and run (1969),-,-,-
1968,the,breakfast club,-,breakfast club(1985),-,-,-
2010,-,metropolis,-,metropolis (1927),-,-,-
2019,-,seven samurai,shichinin no samurai,seven samurai (1954),shichinin no samurai (1954),-,-
2020,-,dangerous liaisons,-,dangerous liaisons (1988),-,-,-
2028,-,saving private ryan,-,saving private ryan (1998),-,-,-
2064,-,roger & me,-,roger & me (1989),-,-,-
2066,-,out of the past,-,out of the past (1947),-,-,-
2067,-,doctor zhivago,-,doctor zhivago (1965),-,-,-
2068,-,fanny and alexander,fanny och alexander,fanny and alexander (1982),fanny och alexander (1982),-,-
2069,the,trip to bountiful,-,trip to bountiful(1985),-,-,-
2070,-,tender mercies,-,tender mercies (1983),-,-,-
2076,-,blue velvet,-,blue velvet (1986),-,-,-
2130,-,atlantic city,-,atlantic city (1980),-,-,-
2131,-,autumn sonata,höstsonaten,autumn sonata (1978),höstsonaten (1978),-,-
2132,-,who's afraid of virginia woolf?,-,who's afraid of virginia woolf? (1966),-,-,-
2176,-,rope,-,rope (1948),-,-,-
2183,the,man who knew too much,-,man who knew too much(1956),-,-,-
2186,-,strangers on a train,-,strangers on a train (1951),-,-,-
2194,the,untouchables,-,untouchables(1987),-,-,-
2202,-,lifeboat,-,lifeboat (1944),-,-,-
2203,-,shadow of a doubt,-,shadow of a doubt (1943),-,-,-
2206,-,suspicion,-,suspicion (1941),-,-,-
2208,the,lady vanishes,-,lady vanishes(1938),-,-,-
2238,-,seven beauties,pasqualino settebellezze,seven beauties (1976),pasqualino settebellezze (1976),-,-
2248,-,say anything...,-,say anything... (1989),-,-,-
2268,a,few good men,-,few good men(1992),-,-,-
2288,the,thing,-,thing(1982),-,-,-
2289,the,player,-,player(1992),-,-,-
2300,the,producers,-,producers(1968),-,-,-
2303,-,nashville,-,nashville (1975),-,-,-
2313,the,elephant man,-,elephant man(1980),-,-,-
2318,-,happiness,-,happiness (1998),-,-,-
2324,-,life is beautiful,la vita è bella,life is beautiful (1997),la vita è bella (1997),-,-
2329,-,american history x,-,american history x (1998),-,-,-
2330,-,hands on a hard body,-,hands on a hard body (1996),-,-,-
2333,-,gods and monsters,-,gods and monsters (1998),-,-,-
2336,-,elizabeth,-,elizabeth (1998),-,-,-
2351,-,nights of cabiria,"notti di cabiria, le",nights of cabiria (1957),"notti di cabiria, le (1957)",-,-
2357,-,central station,central do brasil,central station (1998),central do brasil (1998),-,-
2360,the,celebration,festen,celebration(1998),festen (1998),-,-
2395,-,rushmore,-,rushmore (1998),-,-,-
2467,the,name of the rose,"name der rose, der",name of the rose(1986),"name der rose, der (1986)",-,-
2501,-,october sky,-,october sky (1999),-,-,-
2502,-,office space,-,office space (1999),-,-,-
2511,the,long goodbye,-,long goodbye(1973),-,-,-
2542,-,"lock, stock & two smoking barrels",-,"lock, stock & two smoking barrels (1998)",-,-,-
2571,the,matrix,-,matrix(1999),-,-,-
2575,the,dreamlife of angels,"vie rêvée des anges, la",dreamlife of angels(1998),"vie rêvée des anges, la (1998)",-,-
2585,the,lovers of the arctic circle,los amantes del círculo polar,lovers of the arctic circle(1998),los amantes del círculo polar (1998),-,-
2594,-,open your eyes,abre los ojos,open your eyes (1997),abre los ojos (1997),-,-
2609,the,king of masks,bian lian,king of masks(1996),bian lian (1996),-,-
2610,-,three seasons,-,three seasons (1999),-,-,-
2611,the,winslow boy,-,winslow boy(1999),-,-,-
2612,-,mildred pierce,-,mildred pierce (1945),-,-,-
2618,the,castle,-,castle(1997),-,-,-
2624,-,after life,wandafuru raifu,after life (1998),wandafuru raifu (1998),-,-
2670,-,run silent run deep,-,run silent run deep (1958),-,-,-
2677,-,buena vista social club,-,buena vista social club (1999),-,-,-
2686,the,red violin,"violon rouge, le",red violin(1998),"violon rouge, le (1998)",-,-
2692,-,run lola run,lola rennt,run lola run (1998),lola rennt (1998),-,-
2696,the,dinner game,"dîner de cons, le",dinner game(1998),"dîner de cons, le (1998)",-,-
2726,the,killing,-,killing(1956),-,-,-
2728,-,spartacus,-,spartacus (1960),-,-,-
2730,-,barry lyndon,-,barry lyndon (1975),-,-,-
2731,the,400 blows,les quatre cents coups,400 blows(1959),les quatre cents coups (1959),-,-
2732,-,jules and jim,jules et jim,jules and jim (1961),jules et jim (1961),-,-
2761,the,iron giant,-,iron giant(1999),-,-,-
2762,the,sixth sense,-,sixth sense(1999),-,-,-
2788,-,monty python's and now for something completely different,-,monty python's and now for something completely different (1971),-,-,-
2804,a,christmas story,-,christmas story(1983),-,-,-
2810,-,perfect blue,-,perfect blue (1997),-,-,-
2819,-,three days of the condor,3 days of the condor,three days of the condor (1975),3 days of the condor (1975),-,-
2843,-,"black cat, white cat","crna macka, beli macor","black cat, white cat (1998)","crna macka, beli macor (1998)",-,-
2858,-,american beauty,-,american beauty (1999),-,-,-
2859,-,stop making sense,-,stop making sense (1984),-,-,-
2863,a,hard day's night,-,hard day's night(1964),-,-,-
2905,-,sanjuro,tsubaki sanjûrô,sanjuro (1962),tsubaki sanjûrô (1962),-,-
2917,-,body heat,-,body heat (1981),-,-,-
2918,-,ferris bueller's day off,-,ferris bueller's day off (1986),-,-,-
2919,the,year of living dangerously,-,year of living dangerously(1982),-,-,-
2920,-,children of paradise,les enfants du paradis,children of paradise (1945),les enfants du paradis (1945),-,-
2921,-,high plains drifter,-,high plains drifter (1973),-,-,-
2924,-,drunken master,jui kuen,drunken master (1978),jui kuen (1978),-,-
2925,the,conformist,"conformista, il",conformist(1970),"conformista, il (1970)",-,-
2927,-,brief encounter,-,brief encounter (1946),-,-,-
2931,-,time of the gypsies,dom za vesanje,time of the gypsies (1989),dom za vesanje (1989),-,-
2932,-,days of heaven,-,days of heaven (1978),-,-,-
2935,the,lady eve,-,lady eve(1941),-,-,-
2936,-,sullivan's travels,-,sullivan's travels (1941),-,-,-
2937,the,palm beach story,-,palm beach story(1942),-,-,-
2938,-,man facing southeast,-,man facing southeast (1986),-,-,-
2940,-,gilda,-,gilda (1946),-,-,-
2944,the,dirty dozen,-,dirty dozen(1967),-,-,-
2951,a,fistful of dollars,per un pugno di dollari,fistful of dollars(1964),per un pugno di dollari (1964),-,-
2959,-,fight club,-,fight club (1999),-,-,-
2966,the,straight story,-,straight story(1999),-,-,-
2969,a,man and a woman,un homme et une femme,man and a woman(1966),un homme et une femme (1966),-,-
2970,-,fitzcarraldo,-,fitzcarraldo (1982),-,-,-
2972,-,red sorghum,hong gao liang,red sorghum (1987),hong gao liang (1987),-,-
2973,-,crimes and misdemeanors,-,crimes and misdemeanors (1989),-,-,-
2997,-,being john malkovich,-,being john malkovich (1999),-,-,-
3000,-,princess mononoke,mononoke-hime,princess mononoke (1997),mononoke-hime (1997),-,-
3002,-,my best fiend,mein liebster feind,my best fiend (1999),mein liebster feind (1999),-,-
3006,the,insider,-,insider(1999),-,-,-
3007,-,american movie,-,american movie (1999),-,-,-
3019,-,drugstore cowboy,-,drugstore cowboy (1989),-,-,-
3022,the,general,-,general(1926),-,-,-
3030,-,yojimbo,-,yojimbo (1961),-,-,-
3035,-,mister roberts,-,mister roberts (1955),-,-,-
3037,-,little big man,-,little big man (1970),-,-,-
3038,a,face in the crowd,-,face in the crowd(1957),-,-,-
3062,the,longest day,-,longest day(1962),-,-,-
3067,-,women on the verge of a nervous breakdown,mujeres al borde de un ataque de nervios,women on the verge of a nervous breakdown (1988),mujeres al borde de un ataque de nervios (1988),-,-
3068,the,verdict,-,verdict(1982),-,-,-
3075,-,repulsion,-,repulsion (1965),-,-,-
3077,-,42 up,-,42 up (1998),-,-,-
3083,-,all about my mother,todo sobre mi madre,all about my mother (1999),todo sobre mi madre (1999),-,-
3088,-,harvey,-,harvey (1950),-,-,-
3089,-,bicycle thieves,the bicycle thief,bicycle thieves (1948),the bicycle thief (1948),-,-
3090,-,matewan,-,matewan (1987),-,-,-
3091,-,kagemusha,-,kagemusha (1980),-,-,-
3093,-,mccabe & mrs. miller,-,mccabe & mrs. miller (1971),-,-,-
3095,the,grapes of wrath,-,grapes of wrath(1940),-,-,-
3096,-,my man godfrey,-,my man godfrey (1957),-,my man godfrey,-
3097,the,shop around the corner,-,shop around the corner(1940),-,-,-
3114,-,toy story 2,-,toy story 2 (1999),-,-,-
3134,-,grand illusion,la grande illusion,grand illusion (1937),la grande illusion (1937),-,-
3135,the,great santini,-,great santini(1979),-,-,-
3147,the,green mile,-,green mile(1999),-,-,-
3152,the,last picture show,-,last picture show(1971),-,-,-
3160,-,magnolia,-,magnolia (1999),-,-,-
3182,-,"mr. death: the rise and fall of fred a. leuchter, jr.",-,"mr. death: the rise and fall of fred a. leuchter, jr. (1999)",-,-,-
3196,-,stalag 17,-,stalag 17 (1953),-,-,-
3198,-,papillon,-,papillon (1973),-,-,-
3200,the,last detail,-,last detail(1973),-,-,-
3201,-,five easy pieces,-,five easy pieces (1970),-,-,-
3224,-,woman in the dunes,suna no onna,woman in the dunes (1964),suna no onna (1964),-,-
3265,-,hard-boiled,lat sau san taam,hard-boiled (1992),lat sau san taam (1992),-,-
3275,the,boondock saints,-,boondock saints(2000),-,-,-
3306,the,circus,-,circus(1928),-,-,-
3307,-,city lights,-,city lights (1931),-,-,-
3310,the,kid,-,kid(1921),-,-,-
3329,-,the year my voice broke,-,the year my voice broke (1987),-,-,-
3334,-,key largo,-,key largo (1948),-,-,-
3338,-,for all mankind,-,for all mankind (1989),-,-,-
3341,-,born yesterday,-,born yesterday (1950),-,-,-
3347,-,never cry wolf,-,never cry wolf (1983),-,-,-
3350,a,raisin in the sun,-,raisin in the sun(1961),-,-,-
3359,-,breaking away,-,breaking away (1979),-,-,-
3360,-,hoosiers,best shot,hoosiers (1986),best shot (1986),-,-
3362,-,dog day afternoon,-,dog day afternoon (1975),-,-,-
3364,the,asphalt jungle,-,asphalt jungle(1950),-,-,-
3365,the,searchers,-,searchers(1956),-,-,-
3384,the,taking of pelham one two three,-,taking of pelham one two three(1974),-,-,-
3405,a,night to remember,-,night to remember(1958),-,-,-
3415,the,mirror,zerkalo,mirror(1975),zerkalo (1975),-,-
3424,-,do the right thing,-,do the right thing (1989),-,-,-
3429,-,creature comforts,-,creature comforts (1989),-,-,-
3435,-,double indemnity,-,double indemnity (1944),-,-,-
3451,-,guess who's coming to dinner,-,guess who's coming to dinner (1967),-,-,-
3456,the,color of paradise,rang-e khoda,color of paradise(1999),rang-e khoda (1999),-,-
3462,-,modern times,-,modern times (1936),-,-,-
3467,-,hud,-,hud (1963),-,-,-
3468,the,hustler,-,hustler(1961),-,-,-
3469,-,inherit the wind,-,inherit the wind (1960),-,-,-
3470,-,dersu uzala,-,dersu uzala (1975),-,-,-
3475,a,place in the sun,-,place in the sun(1951),-,-,-
3498,-,midnight express,-,midnight express (1978),-,-,-
3503,-,solaris,solyaris,solaris (1972),solyaris (1972),-,-
3504,-,network,-,network (1976),-,-,-
3507,the,odd couple,-,odd couple(1968),-,-,-
3508,the,outlaw josey wales,-,outlaw josey wales(1976),-,-,-
3521,-,mystery train,-,mystery train (1989),-,-,-
3543,-,diner,-,diner (1982),-,-,-
3545,-,cabaret,-,cabaret (1972),-,-,-
3548,-,auntie mame,-,auntie mame (1958),-,-,-
3551,-,marathon man,-,marathon man (1976),-,-,-
3578,-,gladiator,-,gladiator (2000),-,gladiator,-
3606,-,on the town,-,on the town (1949),-,-,-
3629,the,gold rush,-,gold rush(1925),-,-,-
3634,-,seven days in may,-,seven days in may (1964),-,-,-
3637,-,vagabond,sans toit ni loi,vagabond (1985),sans toit ni loi (1985),-,-
3645,-,cleo from 5 to 7,cléo de 5 à 7,cleo from 5 to 7 (1962),cléo de 5 à 7 (1962),-,-
3654,the,guns of navarone,-,guns of navarone(1961),-,-,-
3671,-,blazing saddles,-,blazing saddles (1974),-,-,-
3677,-,baraka,-,baraka (1992),-,-,-
3679,the,decline of western civilization,-,decline of western civilization(1981),-,-,-
3681,-,for a few dollars more,per qualche dollaro in più,for a few dollars more (1965),per qualche dollaro in più (1965),-,-
3683,-,blood simple,-,blood simple (1984),-,-,-
3730,the,conversation,-,conversation(1974),-,-,-
3735,-,serpico,-,serpico (1973),-,-,-
3736,-,ace in the hole,"big carnival, the",ace in the hole (1951),"big carnival, the (1951)",-,-
3739,-,trouble in paradise,-,trouble in paradise (1932),-,-,-
3741,-,badlands,-,badlands (1973),-,-,-
3742,-,battleship potemkin,-,battleship potemkin (1925),-,-,-
3787,-,shower,xizao,shower (1999),xizao (1999),-,-
3788,-,blow-up,blowup,blow-up (1966),blowup (1966),-,-
3789,the,pawnbroker,-,pawnbroker(1964),-,-,-
3801,-,anatomy of a murder,-,anatomy of a murder (1959),-,-,-
3808,-,two women,"ciociara, la",two women (1960),"ciociara, la (1960)",-,-
3811,-,breaker morant,-,breaker morant (1980),-,-,-
3814,-,love and death,-,love and death (1975),-,-,-
3816,the,official story,la historia oficial,official story(1985),la historia oficial (1985),-,-
3819,-,tampopo,-,tampopo (1985),-,-,-
3822,the,girl on the bridge,"fille sur le pont, la",girl on the bridge(1999),"fille sur le pont, la (1999)",-,-
3897,-,almost famous,-,almost famous (2000),-,-,-
3910,-,dancer in the dark,-,dancer in the dark (2000),-,-,-
3911,-,best in show,-,best in show (2000),-,-,-
3925,-,stranger than paradise,-,stranger than paradise (1984),-,-,-
3929,the,bank dick,-,bank dick(1940),-,-,-
3949,-,requiem for a dream,-,requiem for a dream (2000),-,-,-
3983,-,you can count on me,-,you can count on me (2000),-,-,-
3989,-,one day in september,-,one day in september (1999),-,-,-
3996,-,"crouching tiger, hidden dragon",wo hu cang long,"crouching tiger, hidden dragon (2000)",wo hu cang long (2000),-,-
4011,-,snatch,-,snatch (2000),-,-,-
4027,-,"o brother, where art thou?",-,"o brother, where art thou? (2000)",-,-,-
4037,-,house of games,-,house of games (1987),-,-,-
4095,-,cry freedom,-,cry freedom (1987),-,-,-
4103,-,empire of the sun,-,empire of the sun (1987),-,-,-
4117,-,hope and glory,-,hope and glory (1987),-,-,-
4144,-,in the mood for love,fa yeung nin wa,in the mood for love (2000),fa yeung nin wa (2000),-,-
4179,-,pixote,-,pixote (1981),-,-,-
4183,the,unbelievable truth,-,unbelievable truth(1989),-,-,-
4187,-,lilies of the field,-,lilies of the field (1963),-,-,-
4190,-,elmer gantry,-,elmer gantry (1960),-,-,-
4194,-,i know where i'm going!,-,i know where i'm going! (1945),-,-,-
4217,-,4 little girls,-,4 little girls (1997),-,-,-
4226,-,memento,-,memento (2000),-,-,-
4235,-,amores perros,love's a bitch,amores perros (2000),love's a bitch (2000),-,-
4262,-,scarface,-,scarface (1983),-,-,-
4263,-,days of wine and roses,-,days of wine and roses (1962),-,-,-
4298,-,rififi,du rififi chez les hommes,rififi (1955),du rififi chez les hommes (1955),-,-
4312,-,himalaya,himalaya - l'enfance d'un chef,himalaya (1999),himalaya - l'enfance d'un chef (1999),-,-
4325,the,night,"notte, la",night(1960),"notte, la (1960)",-,-
4326,-,mississippi burning,-,mississippi burning (1988),-,-,-
4327,the,magnificent seven,-,magnificent seven(1960),-,-,-
4329,-,rio bravo,-,rio bravo (1959),-,-,-
4334,-,yi yi,-,yi yi (2000),-,-,-
4338,-,twelve o'clock high,-,twelve o'clock high (1949),-,-,-
4395,-,big deal on madonna street,i soliti ignoti,big deal on madonna street (1958),i soliti ignoti (1958),-,-
4406,the,man who shot liberty valance,-,man who shot liberty valance(1962),-,-,-
4419,-,all that heaven allows,-,all that heaven allows (1955),-,-,-
4422,-,cries and whispers,viskningar och rop,cries and whispers (1972),viskningar och rop (1972),-,-
4424,the,garden of the finzi-continis,"giardino dei finzi-contini, il",garden of the finzi-continis(1970),"giardino dei finzi-contini, il (1970)",-,-
4426,-,kiss me deadly,-,kiss me deadly (1955),-,-,-
4427,the,lion in winter,-,lion in winter(1968),-,-,-
4432,-,sweet smell of success,-,sweet smell of success (1957),-,-,-
4458,-,africa: the serengeti,-,africa: the serengeti (1994),-,-,-
4546,the,vanishing,spoorloos,vanishing(1988),spoorloos (1988),-,-
4741,-,together,tillsammans,together (2000),tillsammans (2000),-,-
4769,-,into the arms of strangers: stories of the kindertransport,-,into the arms of strangers: stories of the kindertransport (2000),-,-,-
4783,the,endurance: shackleton's legendary antarctic expedition,-,endurance: shackleton's legendary antarctic expedition(2000),-,-,-
4788,-,moscow does not believe in tears,moskva slezam ne verit,moscow does not believe in tears (1979),moskva slezam ne verit (1979),-,-
4801,the,little foxes,-,little foxes(1941),-,-,-
4806,the,shop on main street,obchod na korze,shop on main street(1965),obchod na korze (1965),-,-
4848,-,mulholland drive,-,mulholland drive (2001),-,-,-
4857,-,fiddler on the roof,-,fiddler on the roof (1971),-,-,-
4873,-,waking life,-,waking life (2001),-,-,-
4878,-,donnie darko,-,donnie darko (2001),-,-,-
4886,-,"monsters, inc.",-,"monsters, inc. (2001)",-,-,-
4914,-,breathless,à bout de souffle,breathless (1960),à bout de souffle (1960),-,-
4920,-,"now, voyager",-,"now, voyager (1942)",-,-,-
4928,-,that obscure object of desire,cet obscur objet du désir,that obscure object of desire (1977),cet obscur objet du désir (1977),-,-
4963,-,ocean's eleven,-,ocean's eleven (2001),-,-,-
4967,-,no man's land,-,no man's land (2001),-,-,-
4969,-,and then there were none,-,and then there were none (1945),-,-,-
4970,the,blue angel,"blaue engel, der",blue angel(1930),"blaue engel, der (1930)",-,-
4973,-,amelie,"fabuleux destin d'amélie poulain, le",amelie (2001),"fabuleux destin d'amélie poulain, le (2001)",-,-
4993,the,lord of the rings: the fellowship of the ring,-,lord of the rings: the fellowship of the ring(2001),-,-,-
4995,a,beautiful mind,-,beautiful mind(2001),-,-,-
4999,-,dodsworth,-,dodsworth (1936),-,-,-
5008,-,witness for the prosecution,-,witness for the prosecution (1957),-,-,-
5017,the,big heat,-,big heat(1953),-,-,-
5022,the,servant,-,servant(1963),-,-,-
5056,the,enigma of kaspar hauser,"mystery of kaspar hauser, the",enigma of kaspar hauser(1974),"mystery of kaspar hauser, the (1974)",-,-
5059,-,little dieter needs to fly,-,little dieter needs to fly (1997),-,-,-
5060,-,m*a*s*h,mash,m*a*s*h (1970),mash (1970),-,-
5062,-,seconds,-,seconds (1966),-,-,-
5114,the,bad and the beautiful,-,bad and the beautiful(1952),-,-,-
5119,-,saturday night and sunday morning,-,saturday night and sunday morning (1960),-,-,-
5120,-,sleuth,-,sleuth (1972),-,-,-
5121,-,stroszek,-,stroszek (1977),-,-,-
5135,-,monsoon wedding,-,monsoon wedding (2001),-,-,-
5137,-,scratch,-,scratch (2001),-,-,-
5147,-,wild strawberries,smultronstället,wild strawberries (1957),smultronstället (1957),-,-
5177,the,magnificent ambersons,-,magnificent ambersons(1942),-,-,-
5224,-,promises,-,promises (2001),-,-,-
5225,-,and your mother too,y tu mamá también,and your mother too (2001),y tu mamá también (2001),-,-
5288,the,atomic cafe,-,atomic cafe(1982),-,-,-
5291,-,rashomon,rashômon,rashomon (1950),rashômon (1950),-,-
5304,-,"rome, open city",open city,"rome, open city (1945)",open city (1945),-,-
5319,-,nine queens,nueve reinas,nine queens (2000),nueve reinas (2000),-,-
5339,-,husbands and wives,-,husbands and wives (1992),-,-,-
5368,-,ballad of a soldier,ballada o soldate,ballad of a soldier (1959),ballada o soldate (1959),-,-
5373,the,cranes are flying,letyat zhuravli,cranes are flying(1957),letyat zhuravli (1957),-,-
5385,the,last waltz,-,last waltz(1978),-,-,-
5398,-,requiem for a heavyweight,-,requiem for a heavyweight (1962),-,-,-
5417,the,fast runner,atanarjuat,fast runner(2001),atanarjuat (2001),-,-
5418,the,bourne identity,-,bourne identity(2002),-,-,-
5446,-,rabbit-proof fence,-,rabbit-proof fence (2002),-,-,-
5470,-,the importance of being earnest,-,the importance of being earnest (1952),-,-,-
5475,-,z,-,z (1969),-,-,-
5498,-,red beard,akahige,red beard (1965),akahige (1965),-,-
5515,-,songs from the second floor,sånger från andra våningen,songs from the second floor (2000),sånger från andra våningen (2000),-,-
5525,-,mostly martha,bella martha,mostly martha (2001),bella martha (2001),-,-
5603,the,lavender hill mob,-,lavender hill mob(1951),-,-,-
5607,-,son of the bride,"hijo de la novia, el",son of the bride (2001),"hijo de la novia, el (2001)",-,-
5608,-,das experiment,"experiment, the",das experiment (2001),"experiment, the (2001)",-,-
5618,-,spirited away,sen to chihiro no kamikakushi,spirited away (2001),sen to chihiro no kamikakushi (2001),-,-
5644,the,pride of the yankees,-,pride of the yankees(1942),-,-,-
5690,-,grave of the fireflies,hotaru no haka,grave of the fireflies (1988),hotaru no haka (1988),-,-
5747,-,gallipoli,-,gallipoli (1981),-,-,-
5772,-,my dinner with andré,-,my dinner with andré (1981),-,-,-
5782,the,professional,le professionnel,professional(1981),le professionnel (1981),-,-
5820,-,standing in the shadows of motown,-,standing in the shadows of motown (2002),-,-,-
5825,the,life and death of colonel blimp,-,life and death of colonel blimp(1943),-,-,-
5839,-,my father's glory,la gloire de mon père,my father's glory (1990),la gloire de mon père (1990),-,-
5840,-,my mother's castle,"château de ma mère, le",my mother's castle (1990),"château de ma mère, le (1990)",-,-
5878,-,talk to her,hable con ella,talk to her (2002),hable con ella (2002),-,-
5888,-,brother,brat,brother (1997),brat (1997),-,-
5890,-,elling,-,elling (2001),-,-,-
5899,-,zulu,-,zulu (1964),-,-,-
5902,-,adaptation,-,adaptation (2002),-,-,-
5912,-,hit the bank,vabank,hit the bank (1981),vabank (1981),-,-
5932,-,burden of dreams,-,burden of dreams (1982),-,-,-
5952,the,lord of the rings: the two towers,-,lord of the rings: the two towers(2002),-,-,-
5954,-,25th hour,-,25th hour (2002),-,-,-
5971,-,my neighbor totoro,tonari no totoro,my neighbor totoro (1988),tonari no totoro (1988),-,-
5989,-,catch me if you can,-,catch me if you can (2002),-,-,-
5995,the,pianist,-,pianist(2002),-,-,-
6001,the,king of comedy,-,king of comedy(1983),-,-,-
6016,-,city of god,cidade de deus,city of god (2002),cidade de deus (2002),-,-
6023,-,band of outsiders,bande à part,band of outsiders (1964),bande à part (1964),-,-
6104,-,monty python live at the hollywood bowl,-,monty python live at the hollywood bowl (1982),-,-,-
6122,-,richard pryor live on the sunset strip,-,richard pryor live on the sunset strip (1982),-,-,-
6123,-,sunless,sans soleil,sunless (1983),sans soleil (1983),-,-
6126,-,veronika voss,"sehnsucht der veronika voss, die",veronika voss (1982),"sehnsucht der veronika voss, die (1982)",-,-
6178,a,patch of blue,-,patch of blue(1965),-,-,-
6216,-,nowhere in africa,nirgendwo in afrika,nowhere in africa (2001),nirgendwo in afrika (2001),-,-
6235,-,europa europa,hitlerjunge salomon,europa europa (1990),hitlerjunge salomon (1990),-,-
6244,-,salaam bombay!,-,salaam bombay! (1988),-,-,-
6254,the,awful truth,-,awful truth(1937),-,-,-
6269,-,stevie,-,stevie (2002),-,-,-
6270,-,akira kurosawa's dreams,dreams,akira kurosawa's dreams (1990),dreams (1990),-,-
6271,-,day for night,la nuit américaine,day for night (1973),la nuit américaine (1973),-,-
6273,-,in a lonely place,-,in a lonely place (1950),-,-,-
6283,-,cowboy bebop: the movie,cowboy bebop: tengoku no tobira,cowboy bebop: the movie (2001),cowboy bebop: tengoku no tobira (2001),-,-
6286,the,man without a past,mies vailla menneisyyttä,man without a past(2002),mies vailla menneisyyttä (2002),-,-
6291,-,lilya 4-ever,lilja 4-ever,lilya 4-ever (2002),lilja 4-ever (2002),-,-
6299,-,winged migration,"peuple migrateur, le",winged migration (2001),"peuple migrateur, le (2001)",-,-
6306,-,i am trying to break your heart,-,i am trying to break your heart (2002),-,-,-
6331,-,spellbound,-,spellbound (2002),-,spellbound,-
6350,-,laputa: castle in the sky,tenkû no shiro rapyuta,laputa: castle in the sky (1986),tenkû no shiro rapyuta (1986),-,-
6375,-,gigantic,a tale of two johns,gigantic (2002),a tale of two johns (2002),-,-
6377,-,finding nemo,-,finding nemo (2003),-,-,-
6380,-,capturing the friedmans,-,capturing the friedmans (2003),-,-,-
6385,-,whale rider,-,whale rider (2002),-,-,-
6400,-,murder on a sunday morning,un coupable idéal,murder on a sunday morning (2001),un coupable idéal (2001),-,-
6433,the,man with the movie camera,chelovek s kino-apparatom,man with the movie camera(1929),chelovek s kino-apparatom (1929),-,-
6440,-,barton fink,-,barton fink (1991),-,-,-
6460,the,trial,"procès, le",trial(1962),"procès, le (1962)",-,-
6461,the,unforgiven,-,unforgiven(1960),-,unforgiven,-
6467,-,quai des orfèvres,jenny lamour,quai des orfèvres (1947),jenny lamour (1947),-,-
6509,-,ali: fear eats the soul,angst essen seele auf,ali: fear eats the soul (1974),angst essen seele auf (1974),-,-
6530,the,tenant,"locataire, le",tenant(1976),"locataire, le (1976)",-,-
6542,the,cuckoo,kukushka,cuckoo(2002),kukushka (2002),-,-
6579,-,"one, two, three",-,"one, two, three (1961)",-,-,-
6611,-,umberto d.,-,umberto d. (1952),-,-,-
6612,-,brother's keeper,-,brother's keeper (1992),-,-,-
6639,-,wait until dark,-,wait until dark (1967),-,-,-
6643,-,tokyo story,tôkyô monogatari,tokyo story (1953),tôkyô monogatari (1953),-,-
6644,the,green ray,"rayon vert, le",green ray(1986),"rayon vert, le (1986)",-,-
6650,-,kind hearts and coronets,-,kind hearts and coronets (1949),-,-,-
6660,the,red shoes,-,red shoes(1948),-,-,-
6666,the,discreet charm of the bourgeoisie,"charme discret de la bourgeoisie, le",discreet charm of the bourgeoisie(1972),"charme discret de la bourgeoisie, le (1972)",-,-
6667,-,waco: the rules of engagement,-,waco: the rules of engagement (1997),-,-,-
6668,the,road home,wo de fu qin mu qin,road home(1999),wo de fu qin mu qin (1999),-,-
6669,-,ikiru,-,ikiru (1952),-,-,-
6672,-,war photographer,-,war photographer (2001),-,-,-
6713,-,millennium actress,sennen joyû,millennium actress (2001),sennen joyû (2001),-,-
6724,-,paper moon,-,paper moon (1973),-,-,-
6772,-,to be and to have,être et avoir,to be and to have (2002),être et avoir (2002),-,-
6773,the,triplets of belleville,les triplettes de belleville,triplets of belleville(2003),les triplettes de belleville (2003),-,-
6776,-,lagaan: once upon a time in india,-,lagaan: once upon a time in india (2001),-,-,-
6777,-,judgment at nuremberg,-,judgment at nuremberg (1961),-,-,-
6780,a,brief history of time,-,brief history of time(1991),-,-,-
6783,the,rules of the game,la règle du jeu,rules of the game(1939),la règle du jeu (1939),-,-
6787,-,all the president's men,-,all the president's men (1976),-,-,-
6791,-,babette's feast,babettes gæstebud,babette's feast (1987),babettes gæstebud (1987),-,-
6807,-,monty python's the meaning of life,-,monty python's the meaning of life (1983),-,-,-
6808,-,where eagles dare,-,where eagles dare (1968),-,-,-
6818,-,come and see,idi i smotri,come and see (1985),idi i smotri (1985),-,-
6852,-,in cold blood,-,in cold blood (1967),-,-,-
6858,-,knife in the water,nóz w wodzie,knife in the water (1962),nóz w wodzie (1962),-,-
6867,the,station agent,-,station agent(2003),-,-,-
6869,-,bus 174,ônibus 174,bus 174 (2002),ônibus 174 (2002),-,-
6870,-,mystic river,-,mystic river (2003),-,-,-
6874,-,kill bill: vol. 1,-,kill bill: vol. 1 (2003),-,-,-
6896,-,shoah,-,shoah (1985),-,-,-
6902,-,interstate 60,-,interstate 60 (2002),-,-,-
6918,the,unvanquished,aparajito,unvanquished(1957),aparajito (1957),-,-
6920,-,"cercle rouge, le","red circle, the","cercle rouge, le (1970)","red circle, the (1970)",-,-
6935,the,revolution will not be televised,chavez: inside the coup,revolution will not be televised(2003),chavez: inside the coup (2003),-,-
6939,-,gloomy sunday,ein lied von liebe und tod,gloomy sunday (1999),ein lied von liebe und tod (1999),-,-
6945,-,my architect: a son's journey,-,my architect: a son's journey (2003),-,-,-
6954,the,barbarian invasions,les invasions barbares,barbarian invasions(2003),les invasions barbares (2003),-,-
6970,-,desk set,-,desk set (1957),-,-,-
6981,-,ordet,"word, the",ordet (1955),"word, the (1955)",-,-
6982,-,forbidden games,jeux interdits,forbidden games (1952),jeux interdits (1952),-,-
6985,the,passion of joan of arc,"passion de jeanne d'arc, la",passion of joan of arc(1928),"passion de jeanne d'arc, la (1928)",-,-
6987,the,cabinet of dr. caligari,"cabinet des dr. caligari., das",cabinet of dr. caligari(1920),"cabinet des dr. caligari., das (1920)",-,-
6993,-,hannah and her sisters,-,hannah and her sisters (1986),-,-,-
7013,the,night of the hunter,-,night of the hunter(1955),-,-,-
7023,the,wedding banquet,xi yan,wedding banquet(1993),xi yan (1993),-,-
7034,-,show me love,fucking åmål,show me love (1998),fucking åmål (1998),-,-
7043,-,vivre sa vie: film en douze tableaux,my life to live,vivre sa vie: film en douze tableaux (1962),my life to live (1962),-,-
7055,-,swing time,-,swing time (1936),-,-,-
7063,-,aguirre: the wrath of god,"aguirre, der zorn gottes",aguirre: the wrath of god (1972),"aguirre, der zorn gottes (1972)",-,-
7064,-,beauty and the beast,la belle et la bête,beauty and the beast (1946),la belle et la bête (1946),-,-
7067,-,juliet of the spirits,giulietta degli spiriti,juliet of the spirits (1965),giulietta degli spiriti (1965),-,-
7068,-,last year at marienbad,l'année dernière à marienbad,last year at marienbad (1961),l'année dernière à marienbad (1961),-,-
7070,-,red river,-,red river (1948),-,-,-
7071,a,woman under the influence,-,woman under the influence(1974),-,-,-
7072,-,stagecoach,-,stagecoach (1939),-,-,-
7073,a,shot in the dark,-,shot in the dark(1964),-,-,-
7075,the,court jester,-,court jester(1956),-,-,-
7084,-,"play it again, sam",-,"play it again, sam (1972)",-,-,-
7086,-,pygmalion,-,pygmalion (1938),-,-,-
7088,-,black orpheus,orfeu negro,black orpheus (1959),orfeu negro (1959),-,-
7089,-,amarcord,-,amarcord (1973),-,-,-
7090,-,hero,ying xiong,hero (2002),ying xiong (2002),-,-
7091,-,horse feathers,-,horse feathers (1932),-,-,-
7096,-,rivers and tides,-,rivers and tides (2001),-,-,-
7099,-,nausicaä of the valley of the wind,kaze no tani no naushika,nausicaä of the valley of the wind (1984),kaze no tani no naushika (1984),-,-
7116,-,diabolique,les diaboliques,diabolique (1955),les diaboliques (1955),-,-
7121,-,adam's rib,-,adam's rib (1949),-,-,-
7122,-,king of hearts,-,king of hearts (1966),-,-,-
7132,a,night at the opera,-,night at the opera(1935),-,-,-
7135,-,shoot the piano player,tirez sur le pianiste,shoot the piano player (1960),tirez sur le pianiste (1960),-,-
7136,-,stolen kisses,baisers volés,stolen kisses (1968),baisers volés (1968),-,-
7139,-,in america,-,in america (2002),-,-,-
7153,the,lord of the rings: the return of the king,-,lord of the rings: the return of the king(2003),-,-,-
7156,the,fog of war: eleven lessons from the life of robert s. mcnamara,-,fog of war: eleven lessons from the life of robert s. mcnamara(2003),-,-,-
7206,-,mon oncle,my uncle,mon oncle (1958),my uncle (1958),-,-
7210,-,my darling clementine,-,my darling clementine (1946),-,-,-
7215,-,to have and have not,-,to have and have not (1944),-,-,-
7218,the,ox-bow incident,-,ox-bow incident(1943),-,-,-
7234,-,"strada, la",-,"strada, la (1954)",-,-,-
7238,-,ashes and diamonds,popiól i diament,ashes and diamonds (1958),popiól i diament (1958),-,-
7241,-,kanal,-,kanal (1957),-,-,-
7256,-,touching the void,-,touching the void (2003),-,-,-
7301,-,diary of a country priest,journal d'un curé de campagne,diary of a country priest (1951),journal d'un curé de campagne (1951),-,-
7311,-,"goodbye, mr. chips",-,"goodbye, mr. chips (1939)",-,-,-
7323,-,"good bye, lenin!",-,"good bye, lenin! (2003)",-,-,-
7327,-,persona,-,persona (1966),-,-,-
7333,-,"corbeau, le","raven, the","corbeau, le (1943)","raven, the (1943)",-,-
7335,-,pickup on south street,-,pickup on south street (1953),-,-,-
7361,-,eternal sunshine of the spotless mind,-,eternal sunshine of the spotless mind (2004),-,-,-
7371,-,dogville,-,dogville (2003),-,-,-
7396,-,scenes from a marriage,scener ur ett äktenskap,scenes from a marriage (1973),scener ur ett äktenskap (1973),-,-
7419,-,after hours,-,after hours (1985),-,-,-
7438,-,kill bill: vol. 2,-,kill bill: vol. 2 (2004),-,-,-
7445,-,man on fire,-,man on fire (2004),-,-,-
7478,-,swimming to cambodia,-,swimming to cambodia (1987),-,-,-
7484,-,gimme shelter,-,gimme shelter (1970),-,-,-
7485,-,good morning,ohayô,good morning (1959),ohayô (1959),-,-
7486,-,happy together,buenos aires affair,happy together (1997),buenos aires affair (1997),-,-
7489,the,nasty girl,"schreckliche mädchen, das",nasty girl(1990),"schreckliche mädchen, das (1990)",-,-
7493,the,three faces of eve,-,three faces of eve(1957),-,-,-
7505,the,kingdom,riget,kingdom(1994),riget (1994),-,-
7560,-,fail-safe,-,fail-safe (1964),-,-,-
7564,-,kwaidan,kaidan,kwaidan (1964),kaidan (1964),-,-
7566,-,28 up,-,28 up (1985),-,-,-
7572,-,wit,-,wit (2001),-,-,-
7584,-,woman of the year,-,woman of the year (1942),-,-,-
7587,-,"samouraï, le","godson, the","samouraï, le (1967)","godson, the (1967)",-,-
7619,the,miracle worker,-,miracle worker(1962),-,-,-
7669,-,pride and prejudice,-,pride and prejudice (1995),-,-,-
7700,the,wages of fear,"salaire de la peur, le",wages of fear(1953),"salaire de la peur, le (1953)",-,-
7706,-,animal crackers,-,animal crackers (1930),-,-,-
7748,-,pierrot le fou,-,pierrot le fou (1965),-,-,-
7759,-,nostalghia,-,nostalghia (1983),-,-,-
7766,-,throne of blood,kumonosu jô,throne of blood (1957),kumonosu jô (1957),-,-
7767,the,best of youth,la meglio gioventù,best of youth(2003),la meglio gioventù (2003),-,-
7786,-,genghis blues,-,genghis blues (1999),-,-,-
7820,the,virgin spring,jungfrukällan,virgin spring(1960),jungfrukällan (1960),-,-
7831,-,another thin man,-,another thin man (1939),-,-,-
7832,the,thin man goes home,-,thin man goes home(1945),-,-,-
7833,-,shadow of the thin man,-,shadow of the thin man (1941),-,-,-
7834,-,after the thin man,-,after the thin man (1936),-,-,-
7836,-,woodstock,-,woodstock (1970),-,-,-
7919,-,drunken angel,yoidore tenshi,drunken angel (1948),yoidore tenshi (1948),-,-
7924,-,stray dog,nora inu,stray dog (1949),nora inu (1949),-,-
7925,the,hidden fortress,kakushi-toride no san-akunin,hidden fortress(1958),kakushi-toride no san-akunin (1958),-,-
7926,-,high and low,tengoku to jigoku,high and low (1963),tengoku to jigoku (1963),-,-
7932,-,dark days,-,dark days (2000),-,-,-
7936,-,shame,skammen,shame (1968),skammen (1968),-,-
7937,the,silence,tystnaden,silence(1963),tystnaden (1963),-,-
7938,-,winter light,nattvardsgästerna,winter light (1963),nattvardsgästerna (1963),-,-
7939,-,through a glass darkly,såsom i en spegel,through a glass darkly (1961),såsom i en spegel (1961),-,-
7941,-,smiles of a summer night,sommarnattens leende,smiles of a summer night (1955),sommarnattens leende (1955),-,-
7943,the,killers,-,killers(1946),-,-,-
7979,-,monterey pop,-,monterey pop (1968),-,-,-
7981,-,infernal affairs,mou gaan dou,infernal affairs (2002),mou gaan dou (2002),-,-
8011,the,weather underground,-,weather underground(2002),-,-,-
8012,-,kikujiro,kikujirô no natsu,kikujiro (1999),kikujirô no natsu (1999),-,-
8014,-,"spring, summer, fall, winter... and spring",bom yeoreum gaeul gyeoul geurigo bom,"spring, summer, fall, winter... and spring (2003)",bom yeoreum gaeul gyeoul geurigo bom (2003),-,-
8033,-,how to steal a million,-,how to steal a million (1966),-,-,-
8044,-,i am a fugitive from a chain gang,-,i am a fugitive from a chain gang (1932),-,-,-
8094,-,bad day at black rock,-,bad day at black rock (1955),-,-,-
8125,-,sunrise: a song of two humans,-,sunrise: a song of two humans (1927),-,-,-
8128,-,au revoir les enfants,-,au revoir les enfants (1987),-,-,-
8132,-,gladiator,-,gladiator (1992),-,gladiator,-
8154,-,"dolce vita, la",-,"dolce vita, la (1960)",-,-,-
8167,-,captain blood,-,captain blood (1935),-,-,-
8188,-,sansho the bailiff,sanshô dayû,sansho the bailiff (1954),sanshô dayû (1954),-,-
8195,-,"avventura, l'","adventure, the","avventura, l' (1960)","adventure, the (1960)",-,-
8197,-,hiroshima mon amour,-,hiroshima mon amour (1959),-,-,-
8199,-,ugetsu,ugetsu monogatari,ugetsu (1953),ugetsu monogatari (1953),-,-
8207,the,day of the jackal,-,day of the jackal(1973),-,-,-
8228,the,maltese falcon,dangerous female,maltese falcon(1931),dangerous female (1931),maltese falcon,-
8235,-,safety last!,-,safety last! (1923),-,-,-
8239,-,viridiana,-,viridiana (1961),-,-,-
8253,-,lupin iii: the castle of cagliostro,rupan sansei: kariosutoro no shiro,lupin iii: the castle of cagliostro (1979),rupan sansei: kariosutoro no shiro (1979),-,-
8261,-,3 women,three women,3 women (1977),three women (1977),-,-
8264,-,grey gardens,-,grey gardens (1975),-,-,-
8327,-,dolls,-,dolls (2002),-,-,-
8335,-,make way for tomorrow,-,make way for tomorrow (1937),-,-,-
8337,the,caine mutiny,-,caine mutiny(1954),-,-,-
8338,-,black narcissus,-,black narcissus (1947),-,-,-
8368,-,harry potter and the prisoner of azkaban,-,harry potter and the prisoner of azkaban (2004),-,-,-
8456,-,investigation of a citizen above suspicion,indagine su un cittadino al di sopra di ogni sospetto,investigation of a citizen above suspicion (1970),indagine su un cittadino al di sopra di ogni sospetto (1970),-,-
8459,the,heiress,-,heiress(1949),-,-,-
8477,-,"jetée, la",-,"jetée, la (1962)",-,-,-
8484,the,human condition i,ningen no joken i,human condition i(1959),ningen no joken i (1959),-,-
8491,-,white heat,-,white heat (1949),-,-,-
8492,a,christmas carol,scrooge,christmas carol(1951),scrooge (1951),christmas carol,-
8516,a,matter of life and death,stairway to heaven,matter of life and death(1946),stairway to heaven (1946),-,-
8530,-,dear frankie,-,dear frankie (2004),-,-,-
8542,a,day at the races,-,day at the races(1937),-,-,-
8580,-,into the woods,-,into the woods (1991),-,-,-
8582,-,manufacturing consent: noam chomsky and the media,-,manufacturing consent: noam chomsky and the media (1992),-,-,-
8607,-,tokyo godfathers,-,tokyo godfathers (2003),-,-,-
8620,the,exterminating angel,"ángel exterminador, el",exterminating angel(1962),"ángel exterminador, el (1962)",-,-
8638,-,before sunset,-,before sunset (2004),-,-,-
8645,-,maria full of grace,"maria, llena eres de gracia",maria full of grace (2004),"maria, llena eres de gracia (2004)",-,-
8656,a,short film about killing,krótki film o zabijaniu,short film about killing(1988),krótki film o zabijaniu (1988),-,-
8665,the,bourne supremacy,-,bourne supremacy(2004),-,-,-
8670,the,testament of dr. mabuse,das testament des dr. mabuse,testament of dr. mabuse(1933),das testament des dr. mabuse (1933),-,-
8684,a,man escaped,un  condamné à mort s'est échappé ou le vent souffle où il veut,man escaped(1956),un  condamné à mort s'est échappé ou le vent souffle où il veut (1956),-,-
8712,-,my favorite wife,-,my favorite wife (1940),-,-,-
8724,the,leopard,"gattopardo, il",leopard(1963),"gattopardo, il (1963)",-,-
8739,-,mamma roma,-,mamma roma (1962),-,-,-
8752,the,set-up,-,set-up(1949),-,-,-
8754,the,prime of miss jean brodie,-,prime of miss jean brodie(1969),-,-,-
8772,the,spy who came in from the cold,-,spy who came in from the cold(1965),-,-,-
8785,-,early summer,bakushû,early summer (1951),bakushû (1951),-,-
8786,-,port of shadows,quai des brumes,port of shadows (1938),quai des brumes (1938),-,-
8797,-,salesman,-,salesman (1969),-,-,-
8827,-,"bill cosby, himself",-,"bill cosby, himself (1983)",-,-,-
8873,the,motorcycle diaries,diarios de motocicleta,motorcycle diaries(2004),diarios de motocicleta (2004),-,-
8874,-,shaun of the dead,-,shaun of the dead (2004),-,-,-
8914,-,primer,-,primer (2004),-,-,-
8950,-,the machinist,-,the machinist (2004),-,-,-
8961,the,incredibles,-,incredibles(2004),-,-,-
8973,-,bad education,la mala educación,bad education (2004),la mala educación (2004),-,-
8998,-,that's entertainment,-,that's entertainment (1974),-,-,-
9010,-,love me if you dare,jeux d'enfants,love me if you dare (2003),jeux d'enfants (2003),-,-
9018,-,control room,-,control room (2004),-,-,-
25750,-,sherlock jr.,-,sherlock jr. (1924),-,-,-
25753,-,greed,-,greed (1924),-,-,-
25764,the,cameraman,-,cameraman(1928),-,-,-
25769,-,"steamboat bill, jr.",-,"steamboat bill, jr. (1928)",-,-,-
25777,-,monkey business,-,monkey business (1931),-,-,-
25805,-,"atalante, l'",-,"atalante, l' (1934)",-,-,-
25826,-,libeled lady,-,libeled lady (1936),-,-,-
25850,-,holiday,-,holiday (1938),-,-,-
25886,-,random harvest,-,random harvest (1942),-,-,-
25898,-,day of wrath,vredens dag,day of wrath (1943),vredens dag (1943),-,-
25941,-,letter from an unknown woman,-,letter from an unknown woman (1948),-,-,-
25954,-,orpheus,orphée,orpheus (1950),orphée (1950),-,-
25963,the,young and the damned,"olvidados, los",young and the damned(1950),"olvidados, los (1950)",-,-
26003,-,night and fog,nuit et brouillard,night and fog (1955),nuit et brouillard (1955),-,-
26012,-,samurai iii: duel on ganryu island,bushido,samurai iii: duel on ganryu island (1956),bushido (1956),-,-
26048,the,human condition ii,ningen no joken ii,human condition ii(1959),ningen no joken ii (1959),-,-
26055,-,floating weeds,ukigusa,floating weeds (1959),ukigusa (1959),-,-
26064,the,bad sleep well,warui yatsu hodo yoku nemuru,bad sleep well(1960),warui yatsu hodo yoku nemuru (1960),-,-
26073,the,human condition iii,ningen no joken iii,human condition iii(1961),ningen no joken iii (1961),-,-
26082,-,harakiri,seppuku,harakiri (1962),seppuku (1962),-,-
26090,the,easy life,il sorpasso,easy life(1962),il sorpasso (1962),-,-
26094,-,"eclisse, l'",eclipse,"eclisse, l' (1962)",eclipse (1962),-,-
26111,-,becket,-,becket (1964),-,-,-
26122,-,onibaba,-,onibaba (1964),-,-,-
26131,the,battle of algiers,la battaglia di algeri,battle of algiers(1966),la battaglia di algeri (1966),-,-
26133,a,charlie brown christmas,-,charlie brown christmas(1965),-,-,-
26150,-,andrei rublev,andrey rublyov,andrei rublev (1969),andrey rublyov (1969),-,-
26151,-,au hasard balthazar,-,au hasard balthazar (1966),-,-,-
26163,-,don't look back,-,don't look back (1967),-,-,-
26171,-,play time,playtime,play time (1967),playtime (1967),-,-
26184,the,diamond arm,brilliantovaya ruka,diamond arm(1968),brilliantovaya ruka (1968),-,-
26208,-,my night at maud's,ma nuit chez maud,my night at maud's (1969),ma nuit chez maud (1969),-,-
26318,the,phantom of liberty,"fantôme de la liberté, le",phantom of liberty(1974),"fantôme de la liberté, le (1974)",-,-
26325,-,hearts and minds,-,hearts and minds (1974),-,hearts and minds,-
26326,the,holy mountain,"montaña sagrada, la",holy mountain(1973),"montaña sagrada, la (1973)",-,-
26347,-,"irony of fate, or enjoy your bath!","ironiya sudby, ili s legkim parom!","irony of fate, or enjoy your bath! (1975)","ironiya sudby, ili s legkim parom! (1975)",-,-
26350,the,passenger,professione: reporter,passenger(1975),professione: reporter (1975),-,-
26366,-,harlan county u.s.a.,-,harlan county u.s.a. (1976),-,-,-
26431,-,opening night,-,opening night (1977),-,-,-
26471,-,eddie murphy delirious,-,eddie murphy delirious (1983),-,-,-
26524,the,times of harvey milk,-,times of harvey milk(1984),-,-,-
26550,-,mishima: a life in four chapters,-,mishima: a life in four chapters (1985),-,-,-
26578,the,sacrifice,offret - sacraficatio,sacrifice(1986),offret - sacraficatio (1986),-,-
26587,the,decalogue,dekalog,decalogue(1989),dekalog (1989),-,-
26644,-,landscape in the mist,topio stin omichli,landscape in the mist (1988),topio stin omichli (1988),-,-
26662,-,kiki's delivery service,majo no takkyûbin,kiki's delivery service (1989),majo no takkyûbin (1989),-,-
26699,-,close-up,nema-ye nazdik,close-up (1990),nema-ye nazdik (1990),-,-
26712,-,35 up,-,35 up (1991),-,-,-
26729,-,hearts of darkness: a filmmakers apocalypse,-,hearts of darkness: a filmmakers apocalypse (1991),-,-,-
26776,-,porco rosso,crimson pig,porco rosso (1992),crimson pig (1992),-,-
26840,-,sonatine,sonachine,sonatine (1993),sonachine (1993),-,-
26865,-,fist of legend,jing wu ying xiong,fist of legend (1994),jing wu ying xiong (1994),-,-
26903,-,whisper of the heart,mimi wo sumaseba,whisper of the heart (1995),mimi wo sumaseba (1995),-,-
26939,-,drifting clouds,kauas pilvet karkaavat,drifting clouds (1996),kauas pilvet karkaavat (1996),-,-
27033,the,kingdom ii,riget ii,kingdom ii(1997),riget ii (1997),-,-
27156,-,neon genesis evangelion: the end of evangelion,"shin seiki evangelion gekijô-ban: air/magokoro wo, kimi ni",neon genesis evangelion: the end of evangelion (1997),"shin seiki evangelion gekijô-ban: air/magokoro wo, kimi ni (1997)",-,-
27178,-,in july,im juli,in july (2000),im juli (2000),-,-
27366,-,werckmeister harmonies,werckmeister harmóniák,werckmeister harmonies (2000),werckmeister harmóniák (2000),-,-
27397,-,joint security area,gongdong gyeongbi guyeok jsa,joint security area (2000),gongdong gyeongbi guyeok jsa (2000),-,-
27423,-,o auto da compadecida,"dog's will, a",o auto da compadecida (2000),"dog's will, a (2000)",-,-
27592,-,sympathy for mr. vengeance,boksuneun naui geot,sympathy for mr. vengeance (2002),boksuneun naui geot (2002),-,-
27727,-,head-on,gegen die wand,head-on (2004),gegen die wand (2004),-,-
27728,-,ghost in the shell 2: innocence,innocence,ghost in the shell 2: innocence (2004),innocence (2004),-,-
27741,the,twilight samurai,tasogare seibei,twilight samurai(2002),tasogare seibei (2002),-,-
27773,-,old boy,-,old boy (2003),-,-,-
27803,the,sea inside,mar adentro,sea inside(2004),mar adentro (2004),-,-
27815,the,chorus,"choristes, les",chorus(2004),"choristes, les (2004)",-,-
27834,the,return,vozvrashcheniye,return(2003),vozvrashcheniye (2003),-,-
27846,the,corporation,-,corporation(2003),-,-,-
27871,-,something the lord made,-,something the lord made (2004),-,-,-
27878,-,born into brothels,-,born into brothels (2004),-,-,-
27879,-,dig!,-,dig! (2004),-,-,-
27882,-,riding giants,-,riding giants (2004),-,-,-
30707,-,million dollar baby,-,million dollar baby (2004),-,-,-
30749,-,hotel rwanda,-,hotel rwanda (2004),-,-,-
30803,-,3-iron,bin-jip,3-iron (2004),bin-jip (2004),-,-
31116,-,sergeant york,-,sergeant york (1941),-,-,-
31309,-,rocco and his brothers,rocco e i suoi fratelli,rocco and his brothers (1960),rocco e i suoi fratelli (1960),-,-
31364,-,memories of murder,salinui chueok,memories of murder (2003),salinui chueok (2003),-,-
31410,-,downfall,"untergang, der",downfall (2004),"untergang, der (2004)",-,-
31435,-,rory o'shea was here,inside i'm dancing,rory o'shea was here (2004),inside i'm dancing (2004),-,-
31437,-,nobody knows,dare mo shiranai,nobody knows (2004),dare mo shiranai (2004),-,-
31522,the,marriage of maria braun,"ehe der maria braun, die",marriage of maria braun(1979),"ehe der maria braun, die (1979)",-,-
31545,-,"trou, le","hole, the","trou, le (1960)","hole, the (1960)",-,-
31658,-,howl's moving castle,hauru no ugoku shiro,howl's moving castle (2004),hauru no ugoku shiro (2004),-,-
31770,-,night and the city,-,night and the city (1950),-,-,-
31903,-,zelary,-,zelary (2003),-,-,-
32179,-,elevator to the gallows,frantic,elevator to the gallows (1958),frantic (1958),-,-
32387,the,sword of doom,dai-bosatsu tôge,sword of doom(1966),dai-bosatsu tôge (1966),-,-
32460,-,knockin' on heaven's door,-,knockin' on heaven's door (1997),-,-,-
32525,-,the earrings of madame de...,-,the earrings of madame de... (1953),-,-,-
32649,a,special day,"giornata particolare, una",special day(1977),"giornata particolare, una (1977)",-,-
32657,the,man who planted trees,"homme qui plantait des arbres, l'",man who planted trees(1987),"homme qui plantait des arbres, l' (1987)",-,-
32792,-,red desert,"deserto rosso, il",red desert (1964),"deserto rosso, il (1964)",-,-
32840,-,vincent,-,vincent (1982),-,-,-
32853,the,sorrow and the pity,le chagrin et la pitié,sorrow and the pity(1969),le chagrin et la pitié (1969),-,-
32892,-,ivan's childhood,my name is ivan,ivan's childhood (1962),my name is ivan (1962),-,-
32906,the,ascent,voskhozhdeniye,ascent(1977),voskhozhdeniye (1977),-,-
33154,-,enron: the smartest guys in the room,-,enron: the smartest guys in the room (2005),-,-,-
33171,-,mysterious skin,-,mysterious skin (2004),-,-,-
33264,-,satan's tango,sátántangó,satan's tango (1994),sátántangó (1994),-,-
33270,the,taste of tea,cha no aji,taste of tea(2004),cha no aji (2004),-,-
33288,-,kes,-,kes (1969),-,-,-
33451,-,"ugly, dirty and bad",brutti sporchi e cattivi,"ugly, dirty and bad (1976)",brutti sporchi e cattivi (1976),-,-
33564,-,divorce - italian style,divorzio all'italiana,divorce - italian style (1961),divorzio all'italiana (1961),-,-
33639,-,mad hot ballroom,-,mad hot ballroom (2005),-,-,-
33660,-,cinderella man,-,cinderella man (2005),-,-,-
33779,-,eddie izzard: dress to kill,-,eddie izzard: dress to kill (1999),-,-,-
33794,-,batman begins,-,batman begins (2005),-,-,-
34405,-,serenity,-,serenity (2005),-,-,-
34482,the,browning version,-,browning version(1951),-,-,-
34542,-,grizzly man,-,grizzly man (2005),-,-,-
36363,-,kin-dza-dza!,-,kin-dza-dza! (1986),-,-,-
37240,-,why we fight,-,why we fight (2005),-,-,-
37495,-,survive style 5+,-,survive style 5+ (2004),-,-,-
38061,-,kiss kiss bang bang,-,kiss kiss bang bang (2005),-,-,-
38095,a,bittersweet life,dalkomhan insaeng,bittersweet life(2005),dalkomhan insaeng (2005),-,-
38159,a,short film about love,krótki film o milosci,short film about love(1988),krótki film o milosci (1988),-,-
38304,-,no direction home: bob dylan,-,no direction home: bob dylan (2005),-,-,-
39768,-,life is a miracle,zivot je cudo,life is a miracle (2004),zivot je cudo (2004),-,-
40629,-,pride & prejudice,-,pride & prejudice (2005),-,-,-
40870,-,c.r.a.z.y.,-,c.r.a.z.y. (2005),-,-,-
41627,-,samurai rebellion,jôi-uchi: hairyô tsuma shimatsu,samurai rebellion (1967),jôi-uchi: hairyô tsuma shimatsu (1967),-,-
41828,-,don't look now: we're being shot at,la grande vadrouille,don't look now: we're being shot at (1966),la grande vadrouille (1966),-,-
42094,the,spirit of the beehive,"espíritu de la colmena, el",spirit of the beehive(1973),"espíritu de la colmena, el (1973)",-,-
42217,-,late spring,banshun,late spring (1949),banshun (1949),-,-
42632,-,lady vengeance,sympathy for lady vengeance,lady vengeance (2005),sympathy for lady vengeance (2005),-,-
42783,-,shadows of our forgotten ancestors,tini zabutykh predkiv,shadows of our forgotten ancestors (1964),tini zabutykh predkiv (1964),-,-
43333,-,water,-,water (2005),-,-,-
43376,-,sophie scholl: the final days,sophie scholl - die letzten tage,sophie scholl: the final days (2005),sophie scholl - die letzten tage (2005),-,-
43396,the,world's fastest indian,-,world's fastest indian(2005),-,-,-
43497,-,love in the afternoon,chloe in the afternoon,love in the afternoon (1972),chloe in the afternoon (1972),-,-
44191,-,v for vendetta,-,v for vendetta (2006),-,-,-
44195,-,thank you for smoking,-,thank you for smoking (2006),-,-,-
44199,-,inside man,-,inside man (2006),-,-,-
44555,the,lives of others,das leben der anderen,lives of others(2006),das leben der anderen (2006),-,-
44633,the,devil and daniel johnston,-,devil and daniel johnston(2005),-,-,-
44665,-,lucky number slevin,-,lucky number slevin (2006),-,-,-
44694,-,volver,-,volver (2006),-,-,-
46578,-,little miss sunshine,-,little miss sunshine (2006),-,-,-
46850,-,wordplay,-,wordplay (2006),-,-,-
46855,-,army of shadows,l'armée des ombres,army of shadows (1969),l'armée des ombres (1969),-,-
47099,the,pursuit of happyness,-,pursuit of happyness(2006),-,-,-
47274,-,murmur of the heart,le souffle au coeur,murmur of the heart (1971),le souffle au coeur (1971),-,-
47404,-,mind game,-,mind game (2004),-,-,-
47491,-,adam's apples,adams æbler,adam's apples (2005),adams æbler (2005),-,-
47610,the,illusionist,-,illusionist(2006),-,-,-
47721,the,red balloon,"ballon rouge, le",red balloon(1956),"ballon rouge, le (1956)",-,-
48394,-,pan's labyrinth,"laberinto del fauno, el",pan's labyrinth (2006),"laberinto del fauno, el (2006)",-,-
48516,the,departed,-,departed(2006),-,-,-
48698,-,deliver us from evil,-,deliver us from evil (2006),-,-,-
48738,the,last king of scotland,-,last king of scotland(2006),-,-,-
48774,-,children of men,-,children of men (2006),-,-,-
48780,the,prestige,-,prestige(2006),-,-,-
49225,-,street fight,-,street fight (2005),-,-,-
49272,-,casino royale,-,casino royale (2006),-,-,-
49359,-,celine and julie go boating,celine et julie vont en bateau,celine and julie go boating (1974),celine et julie vont en bateau (1974),-,-
49530,-,blood diamond,-,blood diamond (2006),-,-,-
49917,-,when the levees broke: a requiem in four acts,-,when the levees broke: a requiem in four acts (2006),-,-,-
50011,the,bothersome man,"brysomme mannen, den",bothersome man(2006),"brysomme mannen, den (2006)",-,-
50583,-,linda linda linda,-,linda linda linda (2005),-,-,-
50594,-,daisies,sedmikrasky,daisies (1966),sedmikrasky (1966),-,-
50658,-,49 up,-,49 up (2005),-,-,-
50740,-,seven up!,-,seven up! (1964),-,-,-
50742,-,7 plus seven,-,7 plus seven (1970),-,-,-
50851,-,cocaine cowboys,-,cocaine cowboys (2006),-,-,-
50872,-,ratatouille,-,ratatouille (2007),-,-,-
51255,-,hot fuzz,-,hot fuzz (2007),-,-,-
51277,the,36th chamber of shaolin,shao lin san shi liu fang,36th chamber of shaolin(1978),shao lin san shi liu fang (1978),-,-
51312,the,consequences of love,"conseguenze dell'amore, le",consequences of love(2004),"conseguenze dell'amore, le (2004)",-,-
51573,-,meshes of the afternoon,-,meshes of the afternoon (1943),-,-,-
52319,-,inglorious bastards,quel maledetto treno blindato,inglorious bastards (1978),quel maledetto treno blindato (1978),-,-
52767,-,21 up,-,21 up (1977),-,-,-
52885,-,paprika,papurika,paprika (2006),papurika (2006),-,-
52952,-,this is england,-,this is england (2006),-,-,-
53024,-,jonestown: the life and death of peoples temple,-,jonestown: the life and death of peoples temple (2006),-,-,-
53123,-,once,-,once (2006),-,-,-
53883,-,"power of nightmares, the: the rise of the politics of fear",-,"power of nightmares, the: the rise of the politics of fear (2004)",-,-,-
54286,the,bourne ultimatum,-,bourne ultimatum(2007),-,-,-
54372,-,tell no one,ne le dis à personne,tell no one (2006),ne le dis à personne (2006),-,-
54881,the,king of kong,-,king of kong(2007),-,-,-
55069,-,"4 months, 3 weeks and 2 days","4 luni, 3 saptamâni si 2 zile","4 months, 3 weeks and 2 days (2007)","4 luni, 3 saptamâni si 2 zile (2007)",-,-
55071,-,no end in sight,-,no end in sight (2007),-,-,-
55098,-,paint it yellow,rang de basanti,paint it yellow (2006),rang de basanti (2006),-,-
55118,-,eastern promises,-,eastern promises (2007),-,-,-
55176,-,in the shadow of the moon,-,in the shadow of the moon (2007),-,-,-
55247,-,into the wild,-,into the wild (2007),-,-,-
55290,-,gone baby gone,-,gone baby gone (2007),-,-,-
55442,-,persepolis,-,persepolis (2007),-,-,-
55555,the,edge of heaven,auf der anderen seite,edge of heaven(2007),auf der anderen seite (2007),-,-
55721,-,elite squad,tropa de elite,elite squad (2007),tropa de elite (2007),-,-
55765,-,american gangster,-,american gangster (2007),-,-,-
55814,the,diving bell and the butterfly,"scaphandre et le papillon, le",diving bell and the butterfly(2007),"scaphandre et le papillon, le (2007)",-,-
55820,-,no country for old men,-,no country for old men (2007),-,-,-
55908,the,man from earth,-,man from earth(2007),-,-,-
56715,-,wristcutters: a love story,-,wristcutters: a love story (2006),-,-,-
56782,-,there will be blood,-,there will be blood (2007),-,-,-
57183,-,like stars on earth,taare zameen par,like stars on earth (2007),taare zameen par (2007),-,-
57504,the,girl who leapt through time,toki o kakeru shôjo,girl who leapt through time(2006),toki o kakeru shôjo (2006),-,-
57669,-,in bruges,-,in bruges (2008),-,-,-
58303,the,counterfeiters,die fälscher,counterfeiters(2007),die fälscher (2007),-,-
58425,-,heima,-,heima (2007),-,-,-
58554,the,class,klass,class(2007),klass (2007),-,-
58559,the,dark knight,-,dark knight(2008),-,-,-
58874,-,marketa lazarová,-,marketa lazarová (1967),-,-,-
59018,the,visitor,-,visitor(2007),-,-,-
59315,-,iron man,-,iron man (2008),-,-,-
59387,the,fall,-,fall(2006),-,-,-
59684,-,lake of fire,-,lake of fire (2006),-,-,-
59976,-,"posto, il",-,"posto, il (1961)",-,-,-
60069,-,wall·e,-,wall·e (2008),-,-,-
60201,the,color of pomegranates,sayat nova,color of pomegranates(1968),sayat nova (1968),-,-
60333,-,encounters at the end of the world,-,encounters at the end of the world (2008),-,-,-
60766,-,man on wire,-,man on wire (2008),-,-,-
60992,a,moment to remember,nae meorisokui jiwoogae,moment to remember(2004),nae meorisokui jiwoogae (2004),-,-
61236,-,waltz with bashir,vals im bashir,waltz with bashir (2008),vals im bashir (2008),-,-
61240,-,let the right one in,låt den rätte komma in,let the right one in (2008),låt den rätte komma in (2008),-,-
61406,-,john adams,-,john adams (2008),-,-,-
61967,-,"autumn afternoon, an",sanma no aji,"autumn afternoon, an (1962)",sanma no aji (1962),-,-
62511,-,"synecdoche, new york",-,"synecdoche, new york (2008)",-,-,-
62644,the,wave,"welle, die",wave(2008),"welle, die (2008)",-,-
62801,-,lone wolf and cub: baby cart to hades,kozure ôkami: shinikazeni mukau ubaguruma,lone wolf and cub: baby cart to hades (1972),kozure ôkami: shinikazeni mukau ubaguruma (1972),-,-
63082,-,slumdog millionaire,-,slumdog millionaire (2008),-,-,-
64278,the,pervert's guide to cinema,-,pervert's guide to cinema(2006),-,-,-
64614,-,gran torino,-,gran torino (2008),-,-,-
64993,-,5 centimeters per second,byôsoku 5 senchimêtoru,5 centimeters per second (2007),byôsoku 5 senchimêtoru (2007),-,-
65188,-,dear zachary: a letter to a son about his father,-,dear zachary: a letter to a son about his father (2008),-,-,-
65261,-,ponyo,gake no ue no ponyo,ponyo (2008),gake no ue no ponyo (2008),-,-
65514,-,ip man,-,ip man (2008),-,-,-
66371,-,departures,okuribito,departures (2008),okuribito (2008),-,-
66934,-,dr. horrible's sing-along blog,-,dr. horrible's sing-along blog (2008),-,-,-
67255,the,girl with the dragon tattoo,män som hatar kvinnor,girl with the dragon tattoo(2009),män som hatar kvinnor (2009),girl with the dragon tattoo,-
67997,-,in the loop,-,in the loop (2009),-,-,-
68099,-,apollo 13: to the edge and back,-,apollo 13: to the edge and back (1994),-,-,-
68157,-,inglourious basterds,-,inglourious basterds (2009),-,-,-
68237,-,moon,-,moon (2009),-,-,-
68347,-,sin nombre,-,sin nombre (2009),-,-,-
68358,-,star trek,-,star trek (2009),-,-,-
68472,-,cherry blossoms,kirschblüten - hanami,cherry blossoms (2008),kirschblüten - hanami (2008),-,-
68522,-,earth,-,earth (2007),-,-,-
68874,-,"jeanne dielman, 23 quai du commerce, 1080 bruxelles",-,"jeanne dielman, 23 quai du commerce, 1080 bruxelles (1975)",-,-,-
68954,-,up,-,up (2009),-,-,-
69524,-,raiders of the lost ark: the adaptation,-,raiders of the lost ark: the adaptation (1989),-,-,-
69529,-,home,-,home (2009),-,-,-
69844,-,harry potter and the half-blood prince,-,harry potter and the half-blood prince (2009),-,-,-
69849,-,roots,-,roots (1977),-,-,-
70286,-,district 9,-,district 9 (2009),-,-,-
70533,-,evangelion: 1.0 you are,not,evangelion: 1.0 you are (2007),not (2007),-,not
71033,the,secret in their eyes,el secreto de sus ojos,secret in their eyes(2009),el secreto de sus ojos (2009),-,-
71108,the,white ribbon,das weiße band,white ribbon(2009),das weiße band (2009),-,-
71131,the,most hated family in america,-,most hated family in america(2007),-,-,-
71438,-,still walking,aruitemo aruitemo,still walking (2008),aruitemo aruitemo (2008),-,-
71462,the,cove,-,cove(2009),-,-,-
72035,-,dimensions of dialogue,moznosti dialogu,dimensions of dialogue (1982),moznosti dialogu (1982),-,-
72226,-,fantastic mr. fox,-,fantastic mr. fox (2009),-,-,-
72356,-,partly cloudy,-,partly cloudy (2009),-,-,-
73323,the,girl who kicked the hornet's nest,luftslottet som sprängdes,girl who kicked the hornet's nest(2009),luftslottet som sprängdes (2009),-,-
73344,a,prophet,un prophète,prophet(2009),un prophète (2009),-,-
73808,the,chaser,chugyeogja,chaser(2008),chugyeogja (2008),-,-
73881,-,3 idiots,-,3 idiots (2009),-,-,-
74458,-,shutter island,-,shutter island (2010),-,-,-
74508,-,persuasion,-,persuasion (2007),-,persuasion,-
74553,the,secret of kells,-,secret of kells(2009),-,-,-
74727,-,gentlemen of fortune,dzhentlmeny udachi,gentlemen of fortune (1972),dzhentlmeny udachi (1972),-,-
76091,-,mother,madeo,mother (2009),madeo (2009),-,-
76093,-,how to train your dragon,-,how to train your dragon (2010),-,-,-
76111,-,about elly,darbareye elly,about elly (2009),darbareye elly (2009),-,-
76208,the,cremator,spalovac mrtvol,cremator(1969),spalovac mrtvol (1969),-,-
77177,-,wild china,-,wild china (2008),-,-,-
77455,-,exit through the gift shop,-,exit through the gift shop (2010),-,-,-
77846,-,12 angry men,-,12 angry men (1997),-,12 angry men,-
77854,the,work of director michel gondry,-,work of director michel gondry(2003),-,-,-
78499,-,toy story 3,-,toy story 3 (2010),-,-,-
79132,-,inception,-,inception (2010),-,-,-
79333,-,watch out for the automobile,beregis avtomobilya,watch out for the automobile (1966),beregis avtomobilya (1966),-,-
79357,-,mr. nobody,-,mr. nobody (2009),-,-,-
79798,-,i killed my mother,j'ai tué ma mère,i killed my mother (2009),j'ai tué ma mère (2009),-,-
80586,-,flipped,-,flipped (2010),-,-,-
80906,-,inside job,-,inside job (2010),-,-,-
81834,-,harry potter and the deathly hallows: part 1,-,harry potter and the deathly hallows: part 1 (2010),-,-,-
81845,the,king's speech,-,king's speech(2010),-,-,-
81932,the,fighter,-,fighter(2010),-,-,-
82143,-,alone in the wilderness,-,alone in the wilderness (2004),-,-,-
82667,-,i saw the devil,akmareul boatda,i saw the devil (2010),akmareul boatda (2010),-,-
82848,-,one week,-,one week (1920),-,-,-
83134,-,tucker & dale vs evil,-,tucker & dale vs evil (2010),-,-,-
83293,-,waste land,-,waste land (2010),-,-,-
84116,-,poetry,shi,poetry (2010),shi (2010),-,-
84152,-,limitless,-,limitless (2011),-,-,-
84156,-,happy people: a year in the taiga,-,happy people: a year in the taiga (2010),-,-,-
84187,-,evangelion: 2.0 you can,not,evangelion: 2.0 you can (2009),not (2009),-,not
84844,-,brother 2,brat 2,brother 2 (2000),brat 2 (2000),-,-
84952,-,confessions,kokuhaku,confessions (2010),kokuhaku (2010),-,-
85312,the,house of small cubes,tsumiki no ie,house of small cubes(2008),tsumiki no ie (2008),-,-
85342,-,elite squad: the enemy within,tropa de elite 2 - o inimigo agora é outro,elite squad: the enemy within (2010),tropa de elite 2 - o inimigo agora é outro (2010),-,-
85774,-,senna,-,senna (2010),-,-,-
86345,-,louis c.k.: hilarious,-,louis c.k.: hilarious (2010),-,-,-
86347,-,louis c.k.: chewed up,-,louis c.k.: chewed up (2008),-,-,-
86377,-,louis c.k.: shameless,-,louis c.k.: shameless (2007),-,-,-
86781,-,incendies,-,incendies (2010),-,-,-
86892,-,the man from nowhere,-,the man from nowhere (2010),-,-,-
87004,-,pina,-,pina (2011),-,-,-
87660,-,too big to fail,-,too big to fail (2011),-,-,-
88125,-,harry potter and the deathly hallows: part 2,-,harry potter and the deathly hallows: part 2 (2011),-,-,-
88129,-,drive,-,drive (2011),-,-,-
88810,the,help,-,help(2011),-,-,-
89090,-,bill cunningham new york,-,bill cunningham new york (2011),-,-,-
89492,-,moneyball,-,moneyball (2011),-,-,-
89554,-,zindagi na milegi dobara,-,zindagi na milegi dobara (2011),-,-,-
89759,a,separation,jodaeiye nader az simin,separation(2011),jodaeiye nader az simin (2011),-,-
89774,-,warrior,-,warrior (2011),-,-,-
89896,the,turin horse,a torinói ló,turin horse(2011),a torinói ló (2011),-,-
90266,-,buck,-,buck (2011),-,-,-
90600,-,headhunters,hodejegerne,headhunters (2011),hodejegerne (2011),-,-
90947,-,"oslo, august 31st","oslo, 31. august","oslo, august 31st (2011)","oslo, 31. august (2011)",-,-
91529,the,dark knight rises,-,dark knight rises(2012),-,-,-
91658,the,girl with the dragon tattoo,-,girl with the dragon tattoo(2011),-,girl with the dragon tattoo,-
92210,the,disappearance of haruhi suzumiya,suzumiya haruhi no shôshitsu,disappearance of haruhi suzumiya(2010),suzumiya haruhi no shôshitsu (2010),-,-
92259,-,intouchables,-,intouchables (2011),-,-,-
92475,-,all watched over by machines of loving grace,-,all watched over by machines of loving grace (2011),-,-,-
92643,-,monsieur lazhar,-,monsieur lazhar (2011),-,-,-
92954,-,prayers for bobby,-,prayers for bobby (2009),-,-,-
93040,the,civil war,-,civil war(1990),-,-,-
93721,-,jiro dreams of sushi,-,jiro dreams of sushi (2011),-,-,-
93838,-,the raid: redemption,-,the raid: redemption (2011),-,-,-
93988,-,north & south,-,north & south (2004),-,-,-
94024,-,louis theroux: the most hated family in america in crisis,-,louis theroux: the most hated family in america in crisis (2011),-,-,-
94410,-,hamlet,-,hamlet (2009),-,-,-
94959,-,moonrise kingdom,-,moonrise kingdom (2012),-,-,-
94969,-,kahaani,-,kahaani (2012),-,-,-
95311,-,presto,-,presto (2008),-,-,-
95654,-,geri's game,-,geri's game (1997),-,-,-
95858,-,for the birds,-,for the birds (2000),-,-,-
96075,-,bleak house,-,bleak house (2005),-,-,-
96413,-,funeral parade of roses,bara no sôretsu,funeral parade of roses (1969),bara no sôretsu (1969),-,-
96488,-,searching for sugar man,-,searching for sugar man (2012),-,-,-
96563,-,paradise lost 3: purgatory,-,paradise lost 3: purgatory (2011),-,-,-
96606,-,samsara,-,samsara (2011),-,-,-
96821,the,perks of being a wallflower,-,perks of being a wallflower(2012),-,-,-
96829,the,hunt,jagten,hunt(2012),jagten (2012),-,-
96966,-,laurence anyways,-,laurence anyways (2012),-,-,-
97194,the,thing: terror takes shape,-,thing: terror takes shape(1998),-,-,-
97393,the,house i live in,-,house i live in(2012),-,-,-
97639,-,how to survive a plague,-,how to survive a plague (2012),-,-,-
97673,-,56 up,-,56 up (2012),-,-,-
97984,-,wake in fright,-,wake in fright (1971),-,-,-
98056,-,amour,-,amour (2012),-,-,-
98198,-,omg oh my god!,-,omg oh my god! (2012),-,-,-
98491,-,paperman,-,paperman (2012),-,-,-
98604,-,from up on poppy hill,kokuriko-zaka kara,from up on poppy hill (2011),kokuriko-zaka kara (2011),-,-
98607,-,redline,-,redline (2009),-,-,-
99114,-,django unchained,-,django unchained (2012),-,-,-
99468,the,central park five,-,central park five(2012),-,-,-
99764,-,it's such a beautiful day,-,it's such a beautiful day (2012),-,-,-
100044,-,human planet,-,human planet (2011),-,-,-
100436,the,gatekeepers,-,gatekeepers(2012),-,-,-
100509,-,tale of tales,skazka skazok,tale of tales (1979),skazka skazok (1979),-,-
100556,the,act of killing,-,act of killing(2012),-,-,-
100714,-,before midnight,-,before midnight (2013),-,-,-
101850,-,death on the staircase,soupçons,death on the staircase (2004),soupçons (2004),-,-
101962,-,wolf children,okami kodomo no ame to yuki,wolf children (2012),okami kodomo no ame to yuki (2012),-,-
102602,-,mimino,-,mimino (1977),-,-,-
102666,-,ivan vasilievich: back to the future,ivan vasilievich menyaet professiyu,ivan vasilievich: back to the future (1973),ivan vasilievich menyaet professiyu (1973),-,-
102753,the,past,le passé,past(2013),le passé (2013),-,-
103606,-,stuck in love,-,stuck in love (2012),-,-,-
103639,-,bhaag milka bhaag,-,bhaag milka bhaag (2013),-,-,-
103984,the,great beauty,"grande bellezza, la",great beauty(2013),"grande bellezza, la (2013)",-,-
104272,-,blackfish,-,blackfish (2013),-,-,-
104283,the,wind rises,kaze tachinu,wind rises(2013),kaze tachinu (2013),-,-
104374,-,about time,-,about time (2013),-,-,-
104879,-,prisoners,-,prisoners (2013),-,-,-
104913,-,rush,-,rush (2013),-,-,-
104944,-,short term 12,-,short term 12 (2013),-,-,-
105250,the,century of the self,-,century of the self(2002),-,-,-
105340,-,miracle in cell no. 7,-,miracle in cell no. 7 (2013),-,-,-
105343,-,special 26,-,special 26 (2013),-,-,-
105429,-,inequality for all,-,inequality for all (2013),-,-,-
105844,-,12 years a slave,-,12 years a slave (2013),-,-,-
106100,-,dallas buyers club,-,dallas buyers club (2013),-,-,-
106782,the,wolf of wall street,-,wolf of wall street(2013),-,-,-
106889,-,tim's vermeer,-,tim's vermeer (2013),-,-,-
106920,-,her,-,her (2013),-,-,-
107130,-,"adventure in space and time, an",-,"adventure in space and time, an (2013)",-,-,-
107408,-,only old men are going to battle,v boy idut odni stariki,only old men are going to battle (1973),v boy idut odni stariki (1973),-,-
107410,-,guest from the future,gostya iz buduschego,guest from the future (1985),gostya iz buduschego (1985),-,-
107412,-,"kidnapping, caucasian style",kavkazskaya plennitsa,"kidnapping, caucasian style (1967)",kavkazskaya plennitsa (1967),-,-
107883,-,the lunchbox,-,the lunchbox (2013),-,-,-
108220,the,square,al midan,square(2013),al midan (2013),-,-
108566,the,man who sleeps,un homme qui dort,man who sleeps(1974),un homme qui dort (1974),-,-
108977,-,paranoia agent,-,paranoia agent (2004),-,-,-
108983,-,la luna,-,la luna (2011),-,-,-
109374,the,grand budapest hotel,-,grand budapest hotel(2014),-,-,-
109487,-,interstellar,-,interstellar (2014),-,-,-
109633,the,garden of words,koto no ha no niwa,garden of words(2013),koto no ha no niwa (2013),-,-
109687,-,particle fever,-,particle fever (2013),-,-,-
111130,-,powers of ten,-,powers of ten (1977),-,-,-
111235,-,jodorowsky's dune,-,jodorowsky's dune (2013),-,-,-
111255,a,wednesday!,-,wednesday!(2008),-,-,-
111732,the,dance of reality,"danza de la realidad, la",dance of reality(2013),"danza de la realidad, la (2013)",-,-
111759,-,edge of tomorrow,-,edge of tomorrow (2014),-,-,-
112334,the,internet's own boy: the story of aaron swartz,-,internet's own boy: the story of aaron swartz(2014),-,-,-
112399,-,finding vivian maier,-,finding vivian maier (2013),-,-,-
112552,-,whiplash,-,whiplash (2014),-,-,-
112556,-,gone girl,-,gone girl (2014),-,-,-
112852,-,guardians of the galaxy,-,guardians of the galaxy (2014),-,-,-
113240,-,winter sleep,kis uykusu,winter sleep (2014),kis uykusu (2014),-,-
113275,-,the hundred-foot journey,-,the hundred-foot journey (2014),-,-,-
113741,-,coherence,-,coherence (2013),-,-,-
114028,-,pride,-,pride (2014),-,-,-
114554,the,tale of princess kaguya,kaguyahime no monogatari,tale of princess kaguya(2013),kaguyahime no monogatari (2013),-,-
114627,-,angel's egg,tenshi no tamago,angel's egg (1985),tenshi no tamago (1985),-,-
114635,the,look of silence,-,look of silence(2014),-,-,-
115122,-,what we do in the shadows,-,what we do in the shadows (2014),-,-,-
115149,-,john wick,-,john wick (2014),-,-,-
115569,-,nightcrawler,-,nightcrawler (2014),-,-,-
115617,-,big hero 6,-,big hero 6 (2014),-,-,-
115713,-,ex machina,-,ex machina (2015),-,-,-
115969,-,generation war,-,generation war (2013),-,-,-
116136,-,olive kitteridge,-,olive kitteridge (2014),-,-,-
116411,-,tangerines,-,tangerines (2013),-,-,-
116797,-,the imitation game,-,the imitation game (2014),-,-,-
116855,-,the way he looks,-,the way he looks (2014),-,-,-
116897,-,wild tales,-,wild tales (2014),-,-,-
